{"initial_reset_timestamp": 1553273686.915726, "episode_types": ["t", "t", "t", "t", "t", "t", "t", "t", "t", "t", "t", "t", "t", "t", "t", "t", "t", "t", "t", "t", "t", "t", "t", "t", "t", "t", "t", "t", "t", "t", "t", "t", "t", "t", "t", "t", "t", "t", "t", "t", "t", "t", "t", "t", "t", "t", "t", "t", "t", "t", "t", "t", "t", "t", "t", "t", "t", "t", "t", "t", "t", "t", "t", "t", "t", "t", "t", "t", "t", "t", "t", "t", "t", "t", "t", "t", "t", "t", "t", "t", "t"], "episode_lengths": [27, 44, 15, 29, 10, 13, 25, 11, 34, 56, 15, 53, 39, 11, 200, 200, 157, 71, 200, 200, 70, 61, 200, 200, 200, 200, 111, 200, 200, 200, 200, 200, 200, 200, 200, 200, 200, 200, 200, 200, 200, 200, 200, 200, 200, 200, 200, 162, 163, 198, 130, 200, 200, 200, 200, 200, 200, 61, 200, 200, 200, 200, 178, 200, 200, 200, 200, 200, 200, 200, 143, 68, 109, 192, 200, 200, 200, 200, 200, 200], "episode_rewards": [27.0, 44.0, 15.0, 29.0, 10.0, 13.0, 25.0, 11.0, 34.0, 56.0, 15.0, 53.0, 39.0, 11.0, 200.0, 200.0, 157.0, 71.0, 200.0, 200.0, 70.0, 61.0, 200.0, 200.0, 200.0, 200.0, 111.0, 200.0, 200.0, 200.0, 200.0, 200.0, 200.0, 200.0, 200.0, 200.0, 200.0, 200.0, 200.0, 200.0, 200.0, 200.0, 200.0, 200.0, 200.0, 200.0, 200.0, 162.0, 163.0, 198.0, 130.0, 200.0, 200.0, 200.0, 200.0, 200.0, 200.0, 61.0, 200.0, 200.0, 200.0, 200.0, 178.0, 200.0, 200.0, 200.0, 200.0, 200.0, 200.0, 200.0, 143.0, 68.0, 109.0, 192.0, 200.0, 200.0, 200.0, 200.0, 200.0, 200.0], "timestamps": [1553273687.1169436, 1553273687.4787529, 1553273687.6311843, 1553273687.8810525, 1553273688.0004075, 1553273689.8188405, 1553273690.004749, 1553273690.0767443, 1553273690.3089304, 1553273692.3355374, 1553273692.3884537, 1553273692.6981907, 1553273692.9517553, 1553273694.5880544, 1553273696.7785466, 1553273700.4332283, 1553273702.2275743, 1553273703.8175423, 1553273705.7193768, 1553273709.161644, 1553273709.3510344, 1553273710.8672667, 1553273712.685507, 1553273715.2581973, 1553273717.8244717, 1553273719.4108584, 1553273720.696483, 1553273723.2411437, 1553273724.749151, 1553273727.1893272, 1553273729.613428, 1553273731.194599, 1553273733.8507042, 1553273735.4633155, 1553273738.8477447, 1553273742.3144512, 1553273744.5915563, 1553273748.6774628, 1553273750.7957141, 1553273754.5775723, 1553273758.1668992, 1553273759.942712, 1553273762.4360433, 1553273764.0092947, 1553273767.141725, 1553273770.9235823, 1553273772.6986656, 1553273774.4051871, 1553273777.3535051, 1553273779.5087478, 1553273780.8313475, 1553273783.4233723, 1553273785.980189, 1553273787.5419216, 1553273790.037391, 1553273791.5595129, 1553273794.002074, 1553273794.1525333, 1553273797.0749094, 1553273801.83629, 1553273805.5194812, 1553273810.6882002, 1553273813.744598, 1553273819.3042932, 1553273821.8568993, 1553273826.033121, 1553273831.7970066, 1553273834.6703424, 1553273838.861967, 1553273841.2999322, 1553273844.7444448, 1553273844.94146, 1553273847.659882, 1553273852.4043972, 1553273854.502345, 1553273858.4082174, 1553273860.7518327, 1553273865.474454, 1553273870.9587421, 1553273873.6159494]}