{"initial_reset_timestamp": 1553273686.9305964, "episode_types": ["t", "t", "t", "t", "t", "t", "t", "t", "t", "t", "t", "t", "t", "t", "t", "t", "t", "t", "t", "t", "t", "t", "t", "t", "t", "t", "t", "t", "t", "t", "t", "t", "t", "t", "t", "t", "t", "t", "t", "t", "t", "t", "t", "t", "t", "t", "t", "t", "t", "t", "t", "t", "t", "t", "t", "t", "t", "t", "t", "t", "t", "t", "t", "t", "t", "t", "t", "t", "t", "t", "t", "t", "t", "t", "t", "t", "t", "t"], "episode_lengths": [24, 14, 37, 22, 18, 14, 23, 20, 27, 26, 16, 11, 48, 66, 178, 37, 96, 81, 176, 200, 149, 200, 200, 200, 200, 200, 200, 173, 200, 200, 200, 200, 200, 200, 200, 200, 200, 200, 200, 200, 200, 200, 200, 200, 200, 200, 200, 198, 200, 200, 200, 200, 200, 185, 200, 200, 200, 200, 200, 200, 197, 200, 200, 200, 200, 200, 200, 200, 200, 200, 200, 200, 200, 200, 200, 200, 200], "episode_rewards": [24.0, 14.0, 37.0, 22.0, 18.0, 14.0, 23.0, 20.0, 27.0, 26.0, 16.0, 11.0, 48.0, 66.0, 178.0, 37.0, 96.0, 81.0, 176.0, 200.0, 149.0, 200.0, 200.0, 200.0, 200.0, 200.0, 200.0, 173.0, 200.0, 200.0, 200.0, 200.0, 200.0, 200.0, 200.0, 200.0, 200.0, 200.0, 200.0, 200.0, 200.0, 200.0, 200.0, 200.0, 200.0, 200.0, 200.0, 198.0, 200.0, 200.0, 200.0, 200.0, 200.0, 185.0, 200.0, 200.0, 200.0, 200.0, 200.0, 200.0, 197.0, 200.0, 200.0, 200.0, 200.0, 200.0, 200.0, 200.0, 200.0, 200.0, 200.0, 200.0, 200.0, 200.0, 200.0, 200.0, 200.0], "timestamps": [1553273687.085134, 1553273687.236917, 1553273687.5267155, 1553273687.7489607, 1553273687.864689, 1553273689.7442925, 1553273689.9469764, 1553273690.0508206, 1553273690.2208395, 1553273690.4440017, 1553273690.594547, 1553273692.2852373, 1553273692.5258849, 1553273692.8957908, 1553273696.603989, 1553273696.7629056, 1553273698.5388165, 1553273700.3249893, 1553273702.2092361, 1553273705.5118535, 1553273707.4934669, 1553273709.3674417, 1553273712.5186448, 1553273715.0539837, 1553273716.6498692, 1553273719.2132027, 1553273720.7868888, 1553273723.260054, 1553273724.7667353, 1553273727.2050736, 1553273729.631034, 1553273731.2203403, 1553273733.8678322, 1553273735.478612, 1553273738.86688, 1553273742.3354604, 1553273744.6130445, 1553273748.6962843, 1553273750.8173306, 1553273754.596295, 1553273758.1862783, 1553273759.9600961, 1553273762.4521644, 1553273764.0265608, 1553273767.1613388, 1553273770.9451747, 1553273772.7191315, 1553273775.8037066, 1553273777.5781362, 1553273780.6884067, 1553273783.2985091, 1553273784.8765702, 1553273787.3832633, 1553273788.8805676, 1553273791.365492, 1553273792.854771, 1553273795.4436228, 1553273798.7575133, 1553273802.2749102, 1553273808.333663, 1553273810.9611468, 1553273816.4461143, 1553273821.5125613, 1553273823.8082771, 1553273828.9840405, 1553273832.16243, 1553273836.7609808, 1553273841.0148456, 1553273842.83457, 1553273847.5622637, 1553273850.377596, 1553273854.4388597, 1553273858.3436494, 1553273860.6863337, 1553273865.4023695, 1553273868.4757972, 1553273873.538479]}