{"initial_reset_timestamp": 1553273686.8917842, "episode_types": ["t", "t", "t", "t", "t", "t", "t", "t", "t", "t", "t", "t", "t", "t", "t", "t", "t", "t", "t", "t", "t", "t", "t", "t", "t", "t", "t", "t", "t", "t", "t", "t", "t", "t", "t", "t", "t", "t", "t", "t", "t", "t", "t", "t", "t", "t", "t", "t", "t", "t", "t", "t", "t", "t", "t", "t", "t", "t", "t", "t", "t", "t", "t", "t", "t", "t", "t", "t", "t", "t", "t", "t", "t", "t", "t", "t", "t", "t", "t", "t", "t"], "episode_lengths": [15, 21, 18, 25, 25, 12, 11, 54, 22, 17, 35, 97, 66, 30, 15, 78, 26, 44, 22, 197, 160, 189, 141, 200, 200, 200, 200, 200, 200, 200, 200, 200, 200, 200, 200, 200, 200, 200, 37, 200, 200, 200, 200, 200, 200, 200, 200, 200, 200, 169, 200, 200, 164, 186, 200, 200, 200, 200, 200, 200, 200, 200, 200, 200, 200, 200, 200, 200, 200, 200, 200, 200, 200, 198, 200, 200, 200, 200, 200, 200], "episode_rewards": [15.0, 21.0, 18.0, 25.0, 25.0, 12.0, 11.0, 54.0, 22.0, 17.0, 35.0, 97.0, 66.0, 30.0, 15.0, 78.0, 26.0, 44.0, 22.0, 197.0, 160.0, 189.0, 141.0, 200.0, 200.0, 200.0, 200.0, 200.0, 200.0, 200.0, 200.0, 200.0, 200.0, 200.0, 200.0, 200.0, 200.0, 200.0, 37.0, 200.0, 200.0, 200.0, 200.0, 200.0, 200.0, 200.0, 200.0, 200.0, 200.0, 169.0, 200.0, 200.0, 164.0, 186.0, 200.0, 200.0, 200.0, 200.0, 200.0, 200.0, 200.0, 200.0, 200.0, 200.0, 200.0, 200.0, 200.0, 200.0, 200.0, 200.0, 200.0, 200.0, 200.0, 198.0, 200.0, 200.0, 200.0, 200.0, 200.0, 200.0], "timestamps": [1553273687.0194178, 1553273687.2230272, 1553273687.3694541, 1553273687.5871668, 1553273687.7897499, 1553273687.909153, 1553273689.726148, 1553273690.12866, 1553273690.2770193, 1553273690.4084516, 1553273692.312607, 1553273692.816252, 1553273694.7323513, 1553273694.8373463, 1553273694.9021103, 1553273696.5790775, 1553273696.7061734, 1553273696.9074554, 1553273698.432993, 1553273700.5645752, 1553273702.4001393, 1553273705.6457462, 1553273707.5895722, 1553273710.8023636, 1553273712.629057, 1553273715.177974, 1553273716.766392, 1553273719.3545668, 1553273721.9376912, 1553273723.4636743, 1553273725.9028282, 1553273727.4019861, 1553273729.8093, 1553273732.4810722, 1553273734.0716927, 1553273736.968757, 1553273739.0361726, 1553273742.5059495, 1553273742.6044855, 1553273746.5868528, 1553273750.5469086, 1553273752.7526155, 1553273756.5936272, 1553273758.4378722, 1553273761.1841745, 1553273763.758236, 1553273765.6062837, 1553273769.04789, 1553273771.21526, 1553273774.1228478, 1553273775.9857912, 1553273779.370725, 1553273780.7961972, 1553273783.36254, 1553273784.929192, 1553273787.4513958, 1553273789.95864, 1553273791.4626892, 1553273793.9123683, 1553273795.5444126, 1553273798.8617997, 1553273805.188048, 1553273808.4739966, 1553273813.4960005, 1553273816.606306, 1553273821.6480694, 1553273825.8032439, 1553273829.2157912, 1553273834.434134, 1553273836.897895, 1553273841.1300013, 1553273844.7147737, 1553273847.6957831, 1553273852.46944, 1553273854.5775554, 1553273858.4958305, 1553273860.8393464, 1553273865.5653503, 1553273871.0370173, 1553273873.668238]}