{"initial_reset_timestamp": 1553273686.954886, "episode_types": ["t", "t", "t", "t", "t", "t", "t", "t", "t", "t", "t", "t", "t", "t", "t", "t", "t", "t", "t", "t", "t", "t", "t", "t", "t", "t", "t", "t", "t", "t", "t", "t", "t", "t", "t", "t", "t", "t", "t", "t", "t", "t", "t", "t", "t", "t", "t", "t", "t", "t", "t", "t", "t", "t", "t", "t", "t", "t", "t", "t", "t", "t", "t", "t", "t", "t", "t", "t", "t", "t", "t", "t", "t", "t", "t", "t", "t", "t", "t", "t"], "episode_lengths": [34, 26, 17, 28, 18, 16, 40, 23, 88, 54, 28, 76, 60, 48, 29, 23, 105, 200, 172, 200, 200, 28, 200, 200, 200, 200, 62, 200, 82, 200, 200, 200, 200, 200, 200, 200, 200, 200, 200, 200, 200, 200, 200, 200, 200, 200, 200, 200, 200, 200, 200, 164, 200, 200, 200, 200, 200, 200, 200, 200, 200, 200, 200, 200, 200, 174, 200, 200, 200, 179, 200, 200, 89, 200, 200, 200, 200, 200, 200], "episode_rewards": [34.0, 26.0, 17.0, 28.0, 18.0, 16.0, 40.0, 23.0, 88.0, 54.0, 28.0, 76.0, 60.0, 48.0, 29.0, 23.0, 105.0, 200.0, 172.0, 200.0, 200.0, 28.0, 200.0, 200.0, 200.0, 200.0, 62.0, 200.0, 82.0, 200.0, 200.0, 200.0, 200.0, 200.0, 200.0, 200.0, 200.0, 200.0, 200.0, 200.0, 200.0, 200.0, 200.0, 200.0, 200.0, 200.0, 200.0, 200.0, 200.0, 200.0, 200.0, 164.0, 200.0, 200.0, 200.0, 200.0, 200.0, 200.0, 200.0, 200.0, 200.0, 200.0, 200.0, 200.0, 200.0, 174.0, 200.0, 200.0, 200.0, 179.0, 200.0, 200.0, 89.0, 200.0, 200.0, 200.0, 200.0, 200.0, 200.0], "timestamps": [1553273687.1987457, 1553273687.4171846, 1553273687.558406, 1553273687.81511, 1553273687.983465, 1553273689.834097, 1553273690.1117227, 1553273690.260235, 1553273692.4870305, 1553273692.742283, 1553273692.9740353, 1553273694.8485556, 1553273696.4913423, 1553273696.6616352, 1553273696.7979443, 1553273696.8740768, 1553273698.6315813, 1553273702.162717, 1553273704.005726, 1553273707.5078497, 1553273709.3810503, 1553273710.7772431, 1553273712.6063528, 1553273715.1506808, 1553273716.7416837, 1553273719.3330705, 1553273719.5126326, 1553273722.1019783, 1553273723.2724252, 1553273724.7794728, 1553273727.2178235, 1553273729.6433833, 1553273731.2332726, 1553273733.8800118, 1553273735.4884665, 1553273738.8778589, 1553273742.3488662, 1553273744.6274092, 1553273748.708725, 1553273750.828911, 1553273754.6084356, 1553273758.197534, 1553273759.9716258, 1553273762.465403, 1553273764.0431492, 1553273767.172964, 1553273770.95776, 1553273772.73163, 1553273775.8183217, 1553273777.59353, 1553273780.7069042, 1553273782.122042, 1553273784.7833917, 1553273786.3121786, 1553273788.814242, 1553273791.311357, 1553273792.7995353, 1553273795.382912, 1553273797.3195179, 1553273802.1588073, 1553273808.2638867, 1553273810.889333, 1553273816.378341, 1553273819.631423, 1553273823.7421668, 1553273826.2162375, 1553273831.9770284, 1553273836.6171944, 1553273839.0257988, 1553273842.6460621, 1553273845.0327148, 1553273850.1529074, 1553273852.439912, 1553273854.5468767, 1553273858.447319, 1553273860.8014736, 1553273865.5222652, 1553273871.0041692, 1553273873.63938]}