{"initial_reset_timestamp": 1553273686.9227633, "episode_types": ["t", "t", "t", "t", "t", "t", "t", "t", "t", "t", "t", "t", "t", "t", "t", "t", "t", "t", "t", "t", "t", "t", "t", "t", "t", "t", "t", "t", "t", "t", "t", "t", "t", "t", "t", "t", "t", "t", "t", "t", "t", "t", "t", "t", "t", "t", "t", "t", "t", "t", "t", "t", "t", "t", "t", "t", "t", "t", "t", "t", "t", "t", "t", "t", "t", "t", "t", "t", "t", "t", "t", "t", "t", "t", "t", "t", "t", "t"], "episode_lengths": [18, 25, 13, 21, 20, 15, 36, 19, 22, 11, 19, 9, 78, 45, 23, 200, 200, 132, 200, 52, 200, 198, 200, 200, 200, 200, 200, 200, 200, 200, 200, 200, 200, 200, 200, 200, 200, 200, 200, 200, 200, 200, 200, 200, 200, 200, 200, 200, 167, 200, 200, 125, 200, 200, 200, 156, 183, 200, 200, 180, 200, 200, 200, 200, 200, 200, 200, 200, 200, 200, 200, 200, 200, 200, 200, 200, 200], "episode_rewards": [18.0, 25.0, 13.0, 21.0, 20.0, 15.0, 36.0, 19.0, 22.0, 11.0, 19.0, 9.0, 78.0, 45.0, 23.0, 200.0, 200.0, 132.0, 200.0, 52.0, 200.0, 198.0, 200.0, 200.0, 200.0, 200.0, 200.0, 200.0, 200.0, 200.0, 200.0, 200.0, 200.0, 200.0, 200.0, 200.0, 200.0, 200.0, 200.0, 200.0, 200.0, 200.0, 200.0, 200.0, 200.0, 200.0, 200.0, 200.0, 167.0, 200.0, 200.0, 125.0, 200.0, 200.0, 200.0, 156.0, 183.0, 200.0, 200.0, 180.0, 200.0, 200.0, 200.0, 200.0, 200.0, 200.0, 200.0, 200.0, 200.0, 200.0, 200.0, 200.0, 200.0, 200.0, 200.0, 200.0, 200.0], "timestamps": [1553273687.0412645, 1553273687.2598891, 1553273687.3831208, 1553273687.5583103, 1553273687.748711, 1553273687.8452325, 1553273689.9053388, 1553273690.0276206, 1553273690.179196, 1553273690.2407255, 1553273690.3946116, 1553273690.4720988, 1553273692.5558426, 1553273692.7989593, 1553273692.9978137, 1553273696.7413049, 1553273700.3979013, 1553273702.1155436, 1553273704.075497, 1553273705.5901859, 1553273707.6893835, 1553273710.9069042, 1553273713.7540913, 1553273715.3025746, 1553273717.8604133, 1553273719.4476042, 1553273722.0334067, 1553273724.5230992, 1553273725.9875643, 1553273728.436899, 1553273729.8956645, 1553273732.571715, 1553273735.208391, 1553273737.0640576, 1553273740.6708705, 1553273742.5918388, 1553273746.5750778, 1553273750.5241845, 1553273752.7379227, 1553273756.5814776, 1553273758.4260693, 1553273761.1719394, 1553273763.7447803, 1553273765.5934875, 1553273769.0326896, 1553273771.2012205, 1553273774.2279768, 1553273777.306362, 1553273779.3532753, 1553273780.8756177, 1553273783.4648404, 1553273784.8499618, 1553273787.3595643, 1553273788.9090111, 1553273791.3913615, 1553273792.7194858, 1553273795.2771919, 1553273797.1617627, 1553273801.91986, 1553273805.5405688, 1553273810.7058454, 1553273813.8283236, 1553273819.3832567, 1553273823.538023, 1553273826.104649, 1553273831.883487, 1553273834.7314167, 1553273838.921802, 1553273842.622494, 1553273844.9979043, 1553273850.127694, 1553273852.7244928, 1553273856.529878, 1553273860.486161, 1553273863.1872723, 1553273868.2015655, 1553273871.3857024]}