{"initial_reset_timestamp": 1553273686.9086292, "episode_types": ["t", "t", "t", "t", "t", "t", "t", "t", "t", "t", "t", "t", "t", "t", "t", "t", "t", "t", "t", "t", "t", "t", "t", "t", "t", "t", "t", "t", "t", "t", "t", "t", "t", "t", "t", "t", "t", "t", "t", "t", "t", "t", "t", "t", "t", "t", "t", "t", "t", "t", "t", "t", "t", "t", "t", "t", "t", "t", "t", "t", "t", "t", "t", "t", "t", "t", "t", "t", "t", "t", "t", "t", "t", "t", "t", "t", "t", "t", "t", "t"], "episode_lengths": [19, 46, 15, 12, 20, 22, 15, 13, 37, 12, 19, 20, 27, 54, 167, 63, 76, 115, 200, 200, 87, 130, 200, 200, 200, 200, 200, 200, 200, 200, 193, 200, 200, 200, 84, 200, 200, 200, 200, 200, 200, 200, 200, 200, 200, 200, 200, 200, 200, 200, 200, 200, 141, 152, 200, 194, 146, 136, 200, 200, 200, 200, 200, 200, 200, 200, 200, 197, 200, 200, 200, 200, 200, 200, 200, 200, 200, 200, 200], "episode_rewards": [19.0, 46.0, 15.0, 12.0, 20.0, 22.0, 15.0, 13.0, 37.0, 12.0, 19.0, 20.0, 27.0, 54.0, 167.0, 63.0, 76.0, 115.0, 200.0, 200.0, 87.0, 130.0, 200.0, 200.0, 200.0, 200.0, 200.0, 200.0, 200.0, 200.0, 193.0, 200.0, 200.0, 200.0, 84.0, 200.0, 200.0, 200.0, 200.0, 200.0, 200.0, 200.0, 200.0, 200.0, 200.0, 200.0, 200.0, 200.0, 200.0, 200.0, 200.0, 200.0, 141.0, 152.0, 200.0, 194.0, 146.0, 136.0, 200.0, 200.0, 200.0, 200.0, 200.0, 200.0, 200.0, 200.0, 200.0, 197.0, 200.0, 200.0, 200.0, 200.0, 200.0, 200.0, 200.0, 200.0, 200.0, 200.0, 200.0], "timestamps": [1553273687.0641806, 1553273687.445089, 1553273687.5968957, 1553273687.7095244, 1553273687.8340447, 1553273689.788308, 1553273689.922372, 1553273689.9914653, 1553273690.2208917, 1553273690.3369129, 1553273690.4869404, 1553273690.634168, 1553273692.3753982, 1553273692.6800308, 1553273695.0571978, 1553273696.6852365, 1553273698.4494548, 1553273700.3009865, 1553273702.287307, 1553273705.558101, 1553273705.8479965, 1553273707.7227924, 1553273710.9406874, 1553273713.7923698, 1553273715.3402736, 1553273717.8917947, 1553273719.4911084, 1553273722.0789833, 1553273724.5663295, 1553273726.035169, 1553273728.4682567, 1553273729.9352038, 1553273732.6045032, 1553273735.2410078, 1553273735.4322371, 1553273738.8118227, 1553273740.9000368, 1553273744.5545778, 1553273748.6350446, 1553273750.7642395, 1553273754.5454197, 1553273756.8419294, 1553273759.9083047, 1553273762.4058335, 1553273763.9769034, 1553273767.1053822, 1553273769.2731104, 1553273772.6590478, 1553273775.773129, 1553273777.5534937, 1553273780.6640344, 1553273782.250568, 1553273784.6817808, 1553273786.0842645, 1553273787.6395602, 1553273790.1443584, 1553273791.4801912, 1553273792.7713213, 1553273795.3582695, 1553273797.2847729, 1553273802.0894358, 1553273808.221926, 1553273810.856207, 1553273816.341365, 1553273819.5929608, 1553273823.7091591, 1553273828.843381, 1553273832.044375, 1553273836.6756437, 1553273839.0746763, 1553273842.753562, 1553273847.4596896, 1553273850.2479544, 1553273854.3747406, 1553273856.6400285, 1553273860.6153371, 1553273865.312612, 1553273868.356025, 1553273873.4723706]}