{"initial_reset_timestamp": 1553273686.9435873, "episode_types": ["t", "t", "t", "t", "t", "t", "t", "t", "t", "t", "t", "t", "t", "t", "t", "t", "t", "t", "t", "t", "t", "t", "t", "t", "t", "t", "t", "t", "t", "t", "t", "t", "t", "t", "t", "t", "t", "t", "t", "t", "t", "t", "t", "t", "t", "t", "t", "t", "t", "t", "t", "t", "t", "t", "t", "t", "t", "t", "t", "t", "t", "t", "t", "t", "t", "t", "t", "t", "t", "t", "t", "t", "t", "t", "t", "t", "t", "t", "t", "t"], "episode_lengths": [31, 16, 29, 14, 31, 13, 75, 11, 54, 27, 14, 16, 16, 12, 15, 21, 148, 168, 35, 97, 187, 200, 200, 200, 200, 200, 172, 200, 200, 200, 200, 200, 200, 200, 200, 200, 200, 200, 200, 200, 200, 200, 200, 200, 200, 200, 200, 200, 182, 200, 200, 200, 200, 200, 200, 134, 200, 200, 200, 200, 200, 200, 200, 200, 200, 200, 200, 200, 200, 200, 200, 200, 166, 83, 200, 200, 200, 200, 200], "episode_rewards": [31.0, 16.0, 29.0, 14.0, 31.0, 13.0, 75.0, 11.0, 54.0, 27.0, 14.0, 16.0, 16.0, 12.0, 15.0, 21.0, 148.0, 168.0, 35.0, 97.0, 187.0, 200.0, 200.0, 200.0, 200.0, 200.0, 172.0, 200.0, 200.0, 200.0, 200.0, 200.0, 200.0, 200.0, 200.0, 200.0, 200.0, 200.0, 200.0, 200.0, 200.0, 200.0, 200.0, 200.0, 200.0, 200.0, 200.0, 200.0, 182.0, 200.0, 200.0, 200.0, 200.0, 200.0, 200.0, 134.0, 200.0, 200.0, 200.0, 200.0, 200.0, 200.0, 200.0, 200.0, 200.0, 200.0, 200.0, 200.0, 200.0, 200.0, 200.0, 200.0, 166.0, 83.0, 200.0, 200.0, 200.0, 200.0, 200.0], "timestamps": [1553273687.172114, 1553273687.3276215, 1553273687.544613, 1553273687.6844406, 1553273687.949187, 1553273689.797499, 1553273690.3223505, 1553273690.408433, 1553273692.3609836, 1553273692.5394945, 1553273692.5974593, 1553273692.6872451, 1553273692.7584434, 1553273692.8636646, 1553273693.0100448, 1553273694.6491418, 1553273696.591789, 1553273698.6173363, 1553273698.7228096, 1553273700.6003377, 1553273703.883635, 1553273705.794492, 1553273709.2397163, 1553273712.4122877, 1553273713.9698777, 1553273716.5457935, 1553273717.9801762, 1553273720.5899975, 1553273722.1710205, 1553273724.6443324, 1553273727.0725164, 1553273728.5592122, 1553273731.0731971, 1553273732.7198648, 1553273735.3455324, 1553273738.7107866, 1553273740.7940545, 1553273744.4324808, 1553273746.7040305, 1553273750.6676898, 1553273754.445118, 1553273756.7320845, 1553273759.8076923, 1553273761.3038745, 1553273763.8756912, 1553273766.9935799, 1553273769.1668491, 1553273772.5542178, 1553273774.3091116, 1553273777.3769221, 1553273779.5351715, 1553273782.0140493, 1553273784.6645646, 1553273786.2213016, 1553273788.716617, 1553273790.0928648, 1553273791.6134734, 1553273794.0584476, 1553273796.8994222, 1553273799.0413854, 1553273805.355758, 1553273808.6351867, 1553273813.657259, 1553273819.229798, 1553273821.771911, 1553273825.9582827, 1553273829.384806, 1553273834.589007, 1553273838.7977989, 1553273841.2410488, 1553273844.8526604, 1553273847.8247886, 1553273852.5115614, 1553273852.734907, 1553273856.5424075, 1553273860.4992583, 1553273863.2019482, 1553273868.2143345, 1553273871.3984344]}