{"initial_reset_timestamp": 1553273686.8915925, "episode_types": ["t", "t", "t", "t", "t", "t", "t", "t", "t", "t", "t", "t", "t", "t", "t", "t", "t", "t", "t", "t", "t", "t", "t", "t", "t", "t", "t", "t", "t", "t", "t", "t", "t", "t", "t", "t", "t", "t", "t", "t", "t", "t", "t", "t", "t", "t", "t", "t", "t", "t", "t", "t", "t", "t", "t", "t", "t", "t", "t", "t", "t", "t", "t", "t", "t", "t", "t", "t", "t", "t", "t", "t", "t", "t", "t"], "episode_lengths": [27, 18, 43, 39, 58, 17, 155, 34, 26, 51, 200, 200, 155, 165, 41, 200, 200, 200, 200, 200, 31, 42, 55, 200, 200, 200, 200, 200, 200, 200, 200, 200, 200, 200, 200, 200, 200, 200, 200, 200, 200, 200, 200, 199, 193, 200, 200, 200, 199, 131, 136, 200, 200, 200, 200, 200, 200, 200, 200, 200, 200, 200, 196, 200, 171, 200, 126, 200, 200, 200, 200, 200, 200, 200], "episode_rewards": [27.0, 18.0, 43.0, 39.0, 58.0, 17.0, 155.0, 34.0, 26.0, 51.0, 200.0, 200.0, 155.0, 165.0, 41.0, 200.0, 200.0, 200.0, 200.0, 200.0, 31.0, 42.0, 55.0, 200.0, 200.0, 200.0, 200.0, 200.0, 200.0, 200.0, 200.0, 200.0, 200.0, 200.0, 200.0, 200.0, 200.0, 200.0, 200.0, 200.0, 200.0, 200.0, 200.0, 199.0, 193.0, 200.0, 200.0, 200.0, 199.0, 131.0, 136.0, 200.0, 200.0, 200.0, 200.0, 200.0, 200.0, 200.0, 200.0, 200.0, 200.0, 200.0, 196.0, 200.0, 171.0, 200.0, 126.0, 200.0, 200.0, 200.0, 200.0, 200.0, 200.0, 200.0], "timestamps": [1553273687.1170454, 1553273687.3002887, 1553273687.646295, 1553273689.7258158, 1553273690.16036, 1553273690.2599187, 1553273692.8507226, 1553273694.632041, 1553273694.719947, 1553273694.9353347, 1553273698.5134573, 1553273700.6738389, 1553273703.8610427, 1553273705.6695247, 1553273705.7800083, 1553273709.2283, 1553273712.3976808, 1553273713.955519, 1553273716.53301, 1553273718.0737395, 1553273719.151341, 1553273719.2924547, 1553273719.4588575, 1553273722.0453074, 1553273724.5349813, 1553273726.00029, 1553273728.4489303, 1553273729.9074092, 1553273732.5839365, 1553273735.2200215, 1553273737.076909, 1553273740.683523, 1553273742.6043608, 1553273746.5867605, 1553273750.5468242, 1553273752.7520268, 1553273756.5930598, 1553273758.4376717, 1553273761.1840043, 1553273763.7578514, 1553273765.6061382, 1553273769.0471003, 1553273771.2144682, 1553273774.2270226, 1553273776.0591545, 1553273779.4402602, 1553273781.9298735, 1553273783.5403025, 1553273786.1092825, 1553273787.469892, 1553273788.7918513, 1553273791.2899494, 1553273792.77125, 1553273795.3583484, 1553273797.2840815, 1553273802.0893128, 1553273808.221879, 1553273810.8560243, 1553273816.3412762, 1553273819.5927813, 1553273823.710891, 1553273828.8433325, 1553273832.0286553, 1553273836.6575449, 1553273838.9803586, 1553273842.6778095, 1553273844.8030896, 1553273847.7806704, 1553273852.5741544, 1553273856.4002726, 1553273858.638804, 1553273863.0007567, 1553273865.7100668, 1553273871.1768255]}