{"initial_reset_timestamp": 1553273686.8913698, "episode_types": ["t", "t", "t", "t", "t", "t", "t", "t", "t", "t", "t", "t", "t", "t", "t", "t", "t", "t", "t", "t", "t", "t", "t", "t", "t", "t", "t", "t", "t", "t", "t", "t", "t", "t", "t", "t", "t", "t", "t", "t", "t", "t", "t", "t", "t", "t", "t", "t", "t", "t", "t", "t", "t", "t", "t", "t", "t", "t", "t", "t", "t", "t", "t", "t", "t", "t", "t", "t", "t", "t", "t", "t", "t", "t", "t", "t", "t", "t", "t", "t"], "episode_lengths": [26, 47, 19, 23, 14, 11, 35, 49, 26, 30, 16, 44, 19, 15, 15, 78, 153, 200, 134, 200, 78, 177, 200, 200, 200, 200, 49, 78, 200, 200, 200, 200, 200, 200, 200, 200, 200, 200, 200, 200, 200, 200, 200, 200, 200, 200, 200, 200, 200, 200, 200, 200, 200, 200, 176, 200, 200, 200, 200, 200, 200, 200, 200, 200, 200, 200, 108, 200, 200, 200, 200, 200, 200, 155, 200, 200, 200, 200, 200], "episode_rewards": [26.0, 47.0, 19.0, 23.0, 14.0, 11.0, 35.0, 49.0, 26.0, 30.0, 16.0, 44.0, 19.0, 15.0, 15.0, 78.0, 153.0, 200.0, 134.0, 200.0, 78.0, 177.0, 200.0, 200.0, 200.0, 200.0, 49.0, 78.0, 200.0, 200.0, 200.0, 200.0, 200.0, 200.0, 200.0, 200.0, 200.0, 200.0, 200.0, 200.0, 200.0, 200.0, 200.0, 200.0, 200.0, 200.0, 200.0, 200.0, 200.0, 200.0, 200.0, 200.0, 200.0, 200.0, 176.0, 200.0, 200.0, 200.0, 200.0, 200.0, 200.0, 200.0, 200.0, 200.0, 200.0, 200.0, 108.0, 200.0, 200.0, 200.0, 200.0, 200.0, 200.0, 155.0, 200.0, 200.0, 200.0, 200.0, 200.0], "timestamps": [1553273687.1026173, 1553273687.504748, 1553273687.7092295, 1553273687.8642309, 1553273689.7437515, 1553273689.843335, 1553273690.0888608, 1553273690.431334, 1553273690.6331842, 1553273692.4078515, 1553273692.5067847, 1553273692.7249825, 1553273692.8628392, 1553273692.9976847, 1553273694.6166918, 1553273694.9216018, 1553273696.946659, 1553273700.5241349, 1553273702.298273, 1553273705.5716884, 1553273705.8111467, 1553273709.1515555, 1553273711.0484602, 1553273713.8879116, 1553273716.4682832, 1553273718.002223, 1553273719.138955, 1553273719.3918078, 1553273721.978355, 1553273723.4990196, 1553273725.9413462, 1553273728.3898873, 1553273729.8503745, 1553273732.521351, 1553273734.1128948, 1553273737.0204122, 1553273740.6234632, 1553273742.5440924, 1553273746.519317, 1553273748.8890617, 1553273752.691999, 1553273756.53638, 1553273758.3783443, 1553273761.1232545, 1553273762.6849105, 1553273765.5464282, 1553273768.9752913, 1553273771.1531398, 1553273774.160331, 1553273776.0247378, 1553273779.3977287, 1553273781.8939621, 1553273783.5079458, 1553273786.066378, 1553273787.5638337, 1553273790.0728903, 1553273791.5923877, 1553273794.0351706, 1553273796.8679955, 1553273799.008987, 1553273805.3222601, 1553273808.60675, 1553273813.6269343, 1553273819.1946442, 1553273821.7479389, 1553273825.9278605, 1553273828.8741822, 1553273832.0843143, 1553273836.7029195, 1553273839.1006982, 1553273842.780909, 1553273847.490015, 1553273850.3015554, 1553273852.7568526, 1553273856.5637207, 1553273860.5267777, 1553273863.2405286, 1553273868.2435434, 1553273871.4272375]}