{"initial_reset_timestamp": 1553273686.8913848, "episode_types": ["t", "t", "t", "t", "t", "t", "t", "t", "t", "t", "t", "t", "t", "t", "t", "t", "t", "t", "t", "t", "t", "t", "t", "t", "t", "t", "t", "t", "t", "t", "t", "t", "t", "t", "t", "t", "t", "t", "t", "t", "t", "t", "t", "t", "t", "t", "t", "t", "t", "t", "t", "t", "t", "t", "t", "t", "t", "t", "t", "t", "t", "t", "t", "t", "t", "t", "t", "t", "t", "t", "t", "t", "t", "t", "t", "t"], "episode_lengths": [19, 14, 11, 18, 38, 19, 64, 44, 13, 91, 40, 138, 13, 200, 173, 117, 112, 200, 197, 200, 200, 200, 157, 200, 200, 200, 200, 200, 200, 200, 191, 164, 200, 200, 200, 200, 200, 200, 200, 200, 200, 200, 200, 200, 200, 200, 191, 200, 177, 176, 135, 122, 200, 200, 200, 200, 200, 200, 200, 200, 200, 200, 200, 200, 200, 200, 200, 200, 200, 200, 200, 200, 200, 200, 200], "episode_rewards": [19.0, 14.0, 11.0, 18.0, 38.0, 19.0, 64.0, 44.0, 13.0, 91.0, 40.0, 138.0, 13.0, 200.0, 173.0, 117.0, 112.0, 200.0, 197.0, 200.0, 200.0, 200.0, 157.0, 200.0, 200.0, 200.0, 200.0, 200.0, 200.0, 200.0, 191.0, 164.0, 200.0, 200.0, 200.0, 200.0, 200.0, 200.0, 200.0, 200.0, 200.0, 200.0, 200.0, 200.0, 200.0, 200.0, 191.0, 200.0, 177.0, 176.0, 135.0, 122.0, 200.0, 200.0, 200.0, 200.0, 200.0, 200.0, 200.0, 200.0, 200.0, 200.0, 200.0, 200.0, 200.0, 200.0, 200.0, 200.0, 200.0, 200.0, 200.0, 200.0, 200.0, 200.0, 200.0], "timestamps": [1553273687.052347, 1553273687.1855197, 1553273687.2781293, 1553273687.430863, 1553273687.7719543, 1553273687.9253213, 1553273690.1454875, 1553273690.4583864, 1553273690.5818477, 1553273692.671736, 1553273692.9518428, 1553273696.503165, 1553273696.5354447, 1553273698.6603763, 1553273702.0856845, 1553273703.8332446, 1553273704.1180058, 1553273707.6054914, 1553273710.8164933, 1553273712.6412647, 1553273715.193119, 1553273716.7790499, 1553273719.194045, 1553273720.7652416, 1553273723.3601303, 1553273725.793388, 1553273727.2864406, 1553273729.7050588, 1553273731.3059762, 1553273733.965147, 1553273735.5490012, 1553273738.7774355, 1553273740.86577, 1553273744.5200882, 1553273748.586029, 1553273750.7312348, 1553273754.5115309, 1553273756.8043075, 1553273759.8729784, 1553273762.3720605, 1553273763.9424891, 1553273767.0657687, 1553273769.2305527, 1553273772.6242647, 1553273775.7227464, 1553273777.5069773, 1553273780.5897148, 1553273782.144714, 1553273784.7175362, 1553273786.1958785, 1553273787.564734, 1553273788.8608212, 1553273791.3427844, 1553273792.834282, 1553273795.4247892, 1553273798.734844, 1553273802.228124, 1553273808.3082807, 1553273810.9423192, 1553273816.4269876, 1553273821.4947562, 1553273823.7863696, 1553273828.9558885, 1553273832.14515, 1553273836.7428946, 1553273840.9999554, 1553273842.8192487, 1553273847.5335734, 1553273850.357191, 1553273854.4254062, 1553273858.3262353, 1553273860.669337, 1553273865.3842704, 1553273868.4501927, 1553273873.5228274]}