{"initial_reset_timestamp": 1553273686.932197, "episode_types": ["t", "t", "t", "t", "t", "t", "t", "t", "t", "t", "t", "t", "t", "t", "t", "t", "t", "t", "t", "t", "t", "t", "t", "t", "t", "t", "t", "t", "t", "t", "t", "t", "t", "t", "t", "t", "t", "t", "t", "t", "t", "t", "t", "t", "t", "t", "t", "t", "t", "t", "t", "t", "t", "t", "t", "t", "t", "t", "t", "t", "t", "t", "t", "t", "t", "t", "t", "t", "t", "t", "t", "t", "t", "t", "t", "t", "t", "t"], "episode_lengths": [35, 9, 25, 20, 26, 27, 39, 24, 13, 19, 112, 71, 75, 112, 96, 76, 133, 145, 161, 200, 200, 200, 200, 200, 200, 200, 200, 200, 200, 173, 200, 200, 200, 200, 200, 200, 200, 200, 200, 200, 200, 200, 200, 200, 200, 196, 200, 200, 200, 137, 200, 142, 200, 200, 200, 200, 200, 200, 200, 200, 200, 200, 200, 160, 32, 200, 200, 200, 200, 200, 200, 200, 200, 200, 200, 200, 192], "episode_rewards": [35.0, 9.0, 25.0, 20.0, 26.0, 27.0, 39.0, 24.0, 13.0, 19.0, 112.0, 71.0, 75.0, 112.0, 96.0, 76.0, 133.0, 145.0, 161.0, 200.0, 200.0, 200.0, 200.0, 200.0, 200.0, 200.0, 200.0, 200.0, 200.0, 173.0, 200.0, 200.0, 200.0, 200.0, 200.0, 200.0, 200.0, 200.0, 200.0, 200.0, 200.0, 200.0, 200.0, 200.0, 200.0, 196.0, 200.0, 200.0, 200.0, 137.0, 200.0, 142.0, 200.0, 200.0, 200.0, 200.0, 200.0, 200.0, 200.0, 200.0, 200.0, 200.0, 200.0, 160.0, 32.0, 200.0, 200.0, 200.0, 200.0, 200.0, 200.0, 200.0, 200.0, 200.0, 200.0, 200.0, 192.0], "timestamps": [1553273687.2100825, 1553273687.278071, 1553273687.4643774, 1553273687.6595888, 1553273687.8933775, 1553273689.8584356, 1553273690.127658, 1553273690.2919316, 1553273690.3760471, 1553273690.5425398, 1553273692.772714, 1553273694.7517304, 1553273695.0389135, 1553273696.859625, 1553273698.5911305, 1553273700.4162579, 1553273702.14828, 1553273703.9488416, 1553273705.7512486, 1553273709.1991014, 1553273711.0911095, 1553273713.9231849, 1553273716.5040274, 1553273718.0415568, 1553273720.6260197, 1553273722.210748, 1553273724.6814327, 1553273727.115661, 1553273728.5997846, 1553273731.039326, 1553273732.692123, 1553273735.3151913, 1553273737.1557117, 1553273740.764191, 1553273744.3995292, 1553273746.6762817, 1553273750.6366718, 1553273752.83362, 1553273756.6968994, 1553273759.7789078, 1553273761.2734346, 1553273763.8455417, 1553273765.6955388, 1553273769.1283514, 1553273772.5145755, 1553273774.3296654, 1553273777.4011059, 1553273779.5522265, 1553273782.031229, 1553273783.4767065, 1553273786.0262015, 1553273787.4163885, 1553273788.9572997, 1553273791.433395, 1553273793.8858874, 1553273795.5141797, 1553273798.8274572, 1553273802.3973844, 1553273808.428172, 1553273813.4602234, 1553273816.5640974, 1553273821.6127663, 1553273823.892843, 1553273828.9143462, 1553273829.110517, 1553273834.3633513, 1553273836.8321452, 1553273841.0843697, 1553273842.8966455, 1553273847.6340067, 1553273852.4200163, 1553273854.5242047, 1553273858.4235802, 1553273860.7703967, 1553273865.4951332, 1553273870.9781098, 1553273873.590528]}