{"initial_reset_timestamp": 1553273686.9525776, "episode_types": ["t", "t", "t", "t", "t", "t", "t", "t", "t", "t", "t", "t", "t", "t", "t", "t", "t", "t", "t", "t", "t", "t", "t", "t", "t", "t", "t", "t", "t", "t", "t", "t", "t", "t", "t", "t", "t", "t", "t", "t", "t", "t", "t", "t", "t", "t", "t", "t", "t", "t", "t", "t", "t", "t", "t", "t", "t", "t", "t", "t", "t", "t", "t", "t", "t", "t", "t", "t", "t", "t", "t", "t", "t", "t", "t", "t", "t", "t", "t", "t", "t", "t"], "episode_lengths": [15, 29, 15, 19, 15, 22, 17, 10, 76, 28, 37, 28, 15, 23, 24, 76, 22, 78, 59, 143, 200, 143, 200, 200, 200, 200, 200, 200, 200, 200, 200, 200, 200, 200, 81, 95, 200, 200, 200, 200, 200, 200, 200, 200, 200, 200, 200, 200, 200, 200, 200, 161, 200, 200, 172, 129, 200, 200, 172, 200, 200, 200, 200, 200, 200, 200, 200, 200, 166, 200, 200, 158, 146, 169, 200, 200, 200, 200, 200, 200, 200], "episode_rewards": [15.0, 29.0, 15.0, 19.0, 15.0, 22.0, 17.0, 10.0, 76.0, 28.0, 37.0, 28.0, 15.0, 23.0, 24.0, 76.0, 22.0, 78.0, 59.0, 143.0, 200.0, 143.0, 200.0, 200.0, 200.0, 200.0, 200.0, 200.0, 200.0, 200.0, 200.0, 200.0, 200.0, 200.0, 81.0, 95.0, 200.0, 200.0, 200.0, 200.0, 200.0, 200.0, 200.0, 200.0, 200.0, 200.0, 200.0, 200.0, 200.0, 200.0, 200.0, 161.0, 200.0, 200.0, 172.0, 129.0, 200.0, 200.0, 172.0, 200.0, 200.0, 200.0, 200.0, 200.0, 200.0, 200.0, 200.0, 200.0, 166.0, 200.0, 200.0, 158.0, 146.0, 169.0, 200.0, 200.0, 200.0, 200.0, 200.0, 200.0, 200.0], "timestamps": [1553273687.019441, 1553273687.2781863, 1553273687.3986785, 1553273687.5743158, 1553273687.7313676, 1553273687.8785663, 1553273689.7746882, 1553273689.859288, 1553273690.3766477, 1553273690.6143773, 1553273692.453192, 1553273692.5786395, 1553273692.6394827, 1553273692.772781, 1553273692.9864202, 1553273694.8598466, 1553273694.9618533, 1553273696.6247165, 1553273696.873417, 1553273700.2875996, 1553273702.2720127, 1553273704.043326, 1553273707.539598, 1553273709.4235432, 1553273712.5611784, 1553273715.099812, 1553273716.6966362, 1553273719.2688277, 1553273720.827103, 1553273723.3950112, 1553273725.834945, 1553273727.3261855, 1553273729.74449, 1553273731.3598995, 1553273732.6406982, 1553273733.935266, 1553273735.5616395, 1553273738.922577, 1553273742.3921447, 1553273744.6763966, 1553273748.7499108, 1553273750.8823333, 1553273754.6533873, 1553273758.2398515, 1553273760.0128138, 1553273762.5137012, 1553273764.087519, 1553273767.2209504, 1553273771.002237, 1553273772.7769613, 1553273775.8623288, 1553273777.487172, 1553273780.6246173, 1553273782.1895728, 1553273784.7332265, 1553273786.0489714, 1553273787.616067, 1553273790.1319716, 1553273791.5461595, 1553273793.990645, 1553273796.827902, 1553273798.9349864, 1553273805.2688093, 1553273808.5582416, 1553273813.57532, 1553273819.1428492, 1553273821.6992688, 1553273825.8798416, 1553273829.1674447, 1553273834.4056797, 1553273836.866955, 1553273840.9772182, 1553273842.645471, 1553273844.9009562, 1553273850.0367541, 1553273852.659042, 1553273856.4645, 1553273858.7087798, 1553273863.1038942, 1553273868.1232574, 1553273871.2828343]}