{"initial_reset_timestamp": 1553273686.9106927, "episode_types": ["t", "t", "t", "t", "t", "t", "t", "t", "t", "t", "t", "t", "t", "t", "t", "t", "t", "t", "t", "t", "t", "t", "t", "t", "t", "t", "t", "t", "t", "t", "t", "t", "t", "t", "t", "t", "t", "t", "t", "t", "t", "t", "t", "t", "t", "t", "t", "t", "t", "t", "t", "t", "t", "t", "t", "t", "t", "t", "t", "t", "t", "t", "t", "t", "t", "t", "t", "t", "t", "t", "t", "t", "t"], "episode_lengths": [81, 42, 37, 40, 33, 134, 42, 38, 24, 83, 60, 144, 192, 140, 199, 200, 200, 200, 200, 200, 200, 169, 200, 200, 200, 200, 200, 200, 189, 200, 200, 200, 200, 200, 200, 200, 200, 200, 200, 200, 200, 197, 200, 183, 200, 135, 200, 200, 147, 200, 200, 200, 200, 200, 200, 200, 200, 200, 200, 200, 200, 200, 200, 200, 200, 169, 200, 200, 200, 200, 200, 200], "episode_rewards": [81.0, 42.0, 37.0, 40.0, 33.0, 134.0, 42.0, 38.0, 24.0, 83.0, 60.0, 144.0, 192.0, 140.0, 199.0, 200.0, 200.0, 200.0, 200.0, 200.0, 200.0, 169.0, 200.0, 200.0, 200.0, 200.0, 200.0, 200.0, 189.0, 200.0, 200.0, 200.0, 200.0, 200.0, 200.0, 200.0, 200.0, 200.0, 200.0, 200.0, 200.0, 197.0, 200.0, 183.0, 200.0, 135.0, 200.0, 200.0, 147.0, 200.0, 200.0, 200.0, 200.0, 200.0, 200.0, 200.0, 200.0, 200.0, 200.0, 200.0, 200.0, 200.0, 200.0, 200.0, 200.0, 169.0, 200.0, 200.0, 200.0, 200.0, 200.0, 200.0], "timestamps": [1553273687.6141932, 1553273687.9736784, 1553273689.978707, 1553273690.2408445, 1553273690.5156558, 1553273692.915748, 1553273694.6940424, 1553273694.823225, 1553273694.961909, 1553273696.6470778, 1553273696.9256356, 1553273700.325531, 1553273702.2592852, 1553273704.0253966, 1553273707.523506, 1553273709.40378, 1553273712.5414436, 1553273715.0787888, 1553273716.6760645, 1553273719.2488317, 1553273720.8082643, 1553273723.2842138, 1553273724.7910707, 1553273727.2303853, 1553273729.65303, 1553273731.2459395, 1553273733.892639, 1553273735.5049686, 1553273738.8264332, 1553273740.9166448, 1553273744.5684865, 1553273748.6528454, 1553273750.7766283, 1553273754.5577493, 1553273756.8551807, 1553273759.9223728, 1553273762.418578, 1553273763.990738, 1553273767.1215353, 1553273769.291364, 1553273772.6719363, 1553273775.7577963, 1553273777.5369463, 1553273780.6072173, 1553273782.164752, 1553273783.5832837, 1553273786.156066, 1553273788.6685472, 1553273790.0540628, 1553273791.5768921, 1553273794.0196674, 1553273796.8477497, 1553273798.9819229, 1553273805.2991645, 1553273808.5856566, 1553273813.603052, 1553273819.1711495, 1553273821.7299614, 1553273825.9076233, 1553273829.345762, 1553273834.5510168, 1553273838.7701752, 1553273841.2132778, 1553273844.8263183, 1553273847.797671, 1553273852.4883971, 1553273854.5974054, 1553273858.5245144, 1553273862.8797863, 1553273865.598992, 1553273871.067179, 1553273873.685781]}