{"initial_reset_timestamp": 1553273686.9125247, "episode_types": ["t", "t", "t", "t", "t", "t", "t", "t", "t", "t", "t", "t", "t", "t", "t", "t", "t", "t", "t", "t", "t", "t", "t", "t", "t", "t", "t", "t", "t", "t", "t", "t", "t", "t", "t", "t", "t", "t", "t", "t", "t", "t", "t", "t", "t", "t", "t", "t", "t", "t", "t", "t", "t", "t", "t", "t", "t", "t", "t", "t", "t", "t", "t", "t", "t", "t", "t", "t", "t", "t", "t", "t", "t", "t", "t", "t", "t", "t"], "episode_lengths": [27, 21, 42, 36, 23, 26, 62, 17, 27, 25, 49, 44, 200, 28, 96, 99, 89, 144, 200, 161, 168, 200, 200, 200, 200, 200, 200, 200, 200, 200, 200, 200, 200, 200, 200, 200, 200, 200, 200, 200, 200, 200, 200, 200, 200, 170, 195, 200, 200, 200, 200, 149, 200, 200, 200, 158, 200, 200, 200, 200, 200, 200, 200, 200, 108, 112, 165, 198, 200, 200, 200, 200, 200, 200, 200, 200, 200], "episode_rewards": [27.0, 21.0, 42.0, 36.0, 23.0, 26.0, 62.0, 17.0, 27.0, 25.0, 49.0, 44.0, 200.0, 28.0, 96.0, 99.0, 89.0, 144.0, 200.0, 161.0, 168.0, 200.0, 200.0, 200.0, 200.0, 200.0, 200.0, 200.0, 200.0, 200.0, 200.0, 200.0, 200.0, 200.0, 200.0, 200.0, 200.0, 200.0, 200.0, 200.0, 200.0, 200.0, 200.0, 200.0, 200.0, 170.0, 195.0, 200.0, 200.0, 200.0, 200.0, 149.0, 200.0, 200.0, 200.0, 158.0, 200.0, 200.0, 200.0, 200.0, 200.0, 200.0, 200.0, 200.0, 108.0, 112.0, 165.0, 198.0, 200.0, 200.0, 200.0, 200.0, 200.0, 200.0, 200.0, 200.0, 200.0], "timestamps": [1553273687.1316297, 1553273687.3419278, 1553273687.684243, 1553273689.7110636, 1553273689.922879, 1553273690.0888608, 1553273690.5430858, 1553273692.2998378, 1553273692.4266872, 1553273692.5557573, 1553273692.837268, 1553273694.6655345, 1553273696.8350646, 1553273698.4070039, 1553273698.6718092, 1553273700.5393465, 1553273702.1349459, 1553273703.9343207, 1553273707.438615, 1553273709.1851697, 1553273710.9860933, 1553273713.8320239, 1553273715.3830705, 1553273717.9371777, 1553273720.545747, 1553273722.1278527, 1553273724.6010761, 1553273726.0741227, 1553273728.518553, 1553273731.0131483, 1553273732.666947, 1553273735.2882352, 1553273737.1347184, 1553273740.7421236, 1553273744.374573, 1553273746.656229, 1553273750.6156213, 1553273752.813061, 1553273756.6749704, 1553273759.754661, 1553273761.244601, 1553273763.8156817, 1553273765.6711438, 1553273769.1074138, 1553273772.4911065, 1553273774.211821, 1553273776.0685854, 1553273779.4518218, 1553273781.9400306, 1553273783.5504568, 1553273786.123221, 1553273787.5204723, 1553273790.012697, 1553273791.5252378, 1553273793.9688933, 1553273795.4849596, 1553273798.7954893, 1553273802.3436637, 1553273808.3909974, 1553273813.4223514, 1553273816.5268722, 1553273821.5755467, 1553273823.8599906, 1553273829.0831754, 1553273831.8556612, 1553273834.4335482, 1553273836.7870605, 1553273841.0320203, 1553273842.849928, 1553273847.5831146, 1553273850.3963275, 1553273854.4588773, 1553273858.3599887, 1553273860.706197, 1553273865.4230416, 1553273868.5073776, 1553273873.5616589]}