{"initial_reset_timestamp": 1553273686.9561265, "episode_types": ["t", "t", "t", "t", "t", "t", "t", "t", "t", "t", "t", "t", "t", "t", "t", "t", "t", "t", "t", "t", "t", "t", "t", "t", "t", "t", "t", "t", "t", "t", "t", "t", "t", "t", "t", "t", "t", "t", "t", "t", "t", "t", "t", "t", "t", "t", "t", "t", "t", "t", "t", "t", "t", "t", "t", "t", "t", "t", "t", "t", "t", "t", "t", "t", "t", "t", "t", "t", "t", "t", "t", "t", "t", "t", "t", "t", "t", "t", "t"], "episode_lengths": [43, 16, 12, 9, 10, 15, 15, 22, 51, 20, 19, 49, 47, 40, 137, 104, 200, 176, 149, 100, 200, 196, 200, 200, 200, 81, 200, 200, 200, 200, 200, 200, 200, 200, 200, 200, 200, 200, 200, 200, 200, 200, 200, 200, 172, 200, 200, 190, 200, 200, 188, 149, 200, 200, 200, 200, 186, 200, 200, 200, 200, 200, 200, 200, 174, 149, 200, 176, 200, 200, 200, 200, 200, 200, 200, 200, 200, 200], "episode_rewards": [43.0, 16.0, 12.0, 9.0, 10.0, 15.0, 15.0, 22.0, 51.0, 20.0, 19.0, 49.0, 47.0, 40.0, 137.0, 104.0, 200.0, 176.0, 149.0, 100.0, 200.0, 196.0, 200.0, 200.0, 200.0, 81.0, 200.0, 200.0, 200.0, 200.0, 200.0, 200.0, 200.0, 200.0, 200.0, 200.0, 200.0, 200.0, 200.0, 200.0, 200.0, 200.0, 200.0, 200.0, 172.0, 200.0, 200.0, 190.0, 200.0, 200.0, 188.0, 149.0, 200.0, 200.0, 200.0, 200.0, 186.0, 200.0, 200.0, 200.0, 200.0, 200.0, 200.0, 200.0, 174.0, 149.0, 200.0, 176.0, 200.0, 200.0, 200.0, 200.0, 200.0, 200.0, 200.0, 200.0, 200.0, 200.0], "timestamps": [1553273687.2597456, 1553273687.3985312, 1553273687.4899642, 1553273687.5968103, 1553273687.6841593, 1553273687.800165, 1553273687.938069, 1553273689.8752794, 1553273690.1975963, 1553273690.3525567, 1553273690.502581, 1553273692.4266768, 1553273692.6558738, 1553273692.934903, 1553273696.4729486, 1553273696.8906996, 1553273700.4927835, 1553273702.3786848, 1553273705.5117168, 1553273705.8264158, 1553273709.2611928, 1553273712.410967, 1553273713.9685874, 1553273716.5443816, 1553273718.085291, 1553273719.3187733, 1553273721.907182, 1553273723.436022, 1553273725.875693, 1553273727.3752952, 1553273729.7850604, 1553273732.4542499, 1553273734.043303, 1553273736.934953, 1553273739.0094073, 1553273742.4772408, 1553273746.4653332, 1553273748.8308113, 1553273752.6368191, 1553273754.7314458, 1553273758.3226979, 1553273761.0677946, 1553273762.6180685, 1553273765.487847, 1553273767.2522085, 1553273771.041518, 1553273772.814781, 1553273775.8768322, 1553273777.6583178, 1553273780.758094, 1553273783.3259833, 1553273784.7559326, 1553273786.2831643, 1553273788.7733724, 1553273791.271305, 1553273792.754026, 1553273795.307084, 1553273797.2061505, 1553273801.9724247, 1553273805.6731706, 1553273810.7880666, 1553273816.256756, 1553273819.5132344, 1553273823.6141574, 1553273826.1256883, 1553273829.4017644, 1553273834.6040785, 1553273836.9431455, 1553273841.1773014, 1553273844.7680192, 1553273847.7444875, 1553273852.5412908, 1553273854.6415892, 1553273858.5894668, 1553273862.949932, 1553273865.6571925, 1553273871.1261714, 1553273873.735708]}