{"initial_reset_timestamp": 1553273686.934855, "episode_types": ["t", "t", "t", "t", "t", "t", "t", "t", "t", "t", "t", "t", "t", "t", "t", "t", "t", "t", "t", "t", "t", "t", "t", "t", "t", "t", "t", "t", "t", "t", "t", "t", "t", "t", "t", "t", "t", "t", "t", "t", "t", "t", "t", "t", "t", "t", "t", "t", "t", "t", "t", "t", "t", "t", "t", "t", "t", "t", "t", "t", "t", "t", "t", "t", "t", "t", "t", "t", "t", "t", "t", "t", "t", "t", "t", "t"], "episode_lengths": [29, 17, 46, 13, 16, 10, 15, 27, 65, 47, 81, 16, 88, 99, 200, 200, 195, 46, 200, 200, 200, 200, 200, 78, 170, 200, 200, 200, 200, 200, 200, 200, 200, 200, 200, 200, 200, 200, 200, 200, 200, 200, 200, 200, 200, 200, 200, 200, 174, 194, 200, 200, 179, 200, 200, 200, 200, 200, 200, 200, 200, 200, 168, 200, 200, 200, 193, 200, 200, 200, 200, 200, 200, 200, 200], "episode_rewards": [29.0, 17.0, 46.0, 13.0, 16.0, 10.0, 15.0, 27.0, 65.0, 47.0, 81.0, 16.0, 88.0, 99.0, 200.0, 200.0, 195.0, 46.0, 200.0, 200.0, 200.0, 200.0, 200.0, 78.0, 170.0, 200.0, 200.0, 200.0, 200.0, 200.0, 200.0, 200.0, 200.0, 200.0, 200.0, 200.0, 200.0, 200.0, 200.0, 200.0, 200.0, 200.0, 200.0, 200.0, 200.0, 200.0, 200.0, 200.0, 174.0, 194.0, 200.0, 200.0, 179.0, 200.0, 200.0, 200.0, 200.0, 200.0, 200.0, 200.0, 200.0, 200.0, 168.0, 200.0, 200.0, 200.0, 193.0, 200.0, 200.0, 200.0, 200.0, 200.0, 200.0, 200.0, 200.0], "timestamps": [1553273687.1483378, 1553273687.3165927, 1553273687.7101538, 1553273687.8002634, 1553273687.949207, 1553273689.7635565, 1553273689.8941362, 1553273690.0653386, 1553273690.560595, 1553273692.4676757, 1553273692.895935, 1553273694.5890188, 1553273694.9485104, 1553273696.7222028, 1553273700.3743482, 1553273702.342028, 1553273705.6129127, 1553273705.7197134, 1553273709.162387, 1553273711.0626729, 1553273713.899064, 1553273716.4799786, 1553273718.0156753, 1553273719.2375772, 1553273720.718522, 1553273723.2925377, 1553273724.7992718, 1553273727.2380042, 1553273729.6620224, 1553273731.2582924, 1553273733.9013536, 1553273735.5136802, 1553273738.8887384, 1553273742.3623805, 1553273744.6414895, 1553273748.7193081, 1553273750.8393674, 1553273754.6211953, 1553273758.2083173, 1553273759.9818685, 1553273762.4788632, 1553273764.055752, 1553273767.1849718, 1553273770.9712813, 1553273772.7448063, 1553273775.8309972, 1553273777.6109836, 1553273780.7198408, 1553273782.2058399, 1553273784.80292, 1553273787.3092802, 1553273788.8335474, 1553273791.2504065, 1553273792.7345939, 1553273795.3313105, 1553273797.2475102, 1553273802.0328238, 1553273808.1704512, 1553273810.8224404, 1553273816.2930002, 1553273819.5593226, 1553273823.6574829, 1553273826.1501281, 1553273831.9093542, 1553273834.7584062, 1553273838.9451842, 1553273842.609218, 1553273844.9787838, 1553273850.1134207, 1553273852.7102282, 1553273856.5167477, 1553273860.4706118, 1553273863.1638472, 1553273868.1850216, 1553273871.366968]}