{"timestamps": [1553228567.4143536, 1553228567.626605, 1553228567.9857166, 1553228569.8861623, 1553228570.2524507, 1553228574.0250688, 1553228576.1994185, 1553228579.4959862, 1553228581.5600748, 1553228584.8291595, 1553228586.6950243, 1553228588.7229836, 1553228592.213405, 1553228595.6269052, 1553228597.677164, 1553228601.0939932, 1553228602.8770497, 1553228605.9933002, 1553228609.352799, 1553228611.212333, 1553228614.6025462, 1553228616.7743735, 1553228620.302682, 1553228623.7613702, 1553228625.9074163, 1553228628.959942, 1553228630.6579227, 1553228634.5278618, 1553228637.897684, 1553228640.725954, 1553228646.2075808, 1553228649.6017153, 1553228653.7563229, 1553228658.2862804, 1553228661.0299048, 1553228665.098697, 1553228667.2748976, 1553228672.5788662, 1553228677.7026849, 1553228680.33009, 1553228685.2227259, 1553228688.047017, 1553228691.0783837, 1553228696.688439, 1553228699.6688821, 1553228702.1092193, 1553228706.3326256, 1553228708.6288338, 1553228712.584568, 1553228714.753415, 1553228718.6363902, 1553228721.8509278, 1553228723.4349613, 1553228726.926383, 1553228728.963991, 1553228732.6966686, 1553228736.6207457, 1553228738.9470928, 1553228742.9331386, 1553228745.3952522, 1553228748.8749528, 1553228752.2738874, 1553228754.3963945, 1553228759.9598274, 1553228764.3221197, 1553228773.0966277, 1553228779.3455603, 1553228783.3492658], "episode_lengths": [27, 21, 42, 36, 63, 200, 200, 167, 200, 200, 170, 155, 200, 200, 200, 200, 200, 200, 200, 200, 200, 200, 200, 200, 200, 200, 200, 200, 200, 200, 200, 200, 200, 200, 200, 200, 200, 200, 200, 200, 200, 200, 88, 200, 200, 86, 200, 200, 200, 200, 200, 200, 200, 200, 200, 200, 200, 200, 200, 200, 200, 200, 200, 200, 200, 200, 200, 200], "episode_types": ["t", "t", "t", "t", "t", "t", "t", "t", "t", "t", "t", "t", "t", "t", "t", "t", "t", "t", "t", "t", "t", "t", "t", "t", "t", "t", "t", "t", "t", "t", "t", "t", "t", "t", "t", "t", "t", "t", "t", "t", "t", "t", "t", "t", "t", "t", "t", "t", "t", "t", "t", "t", "t", "t", "t", "t", "t", "t", "t", "t", "t", "t", "t", "t", "t", "t", "t", "t", "t"], "initial_reset_timestamp": 1553228567.1509535, "episode_rewards": [27.0, 21.0, 42.0, 36.0, 63.0, 200.0, 200.0, 167.0, 200.0, 200.0, 170.0, 155.0, 200.0, 200.0, 200.0, 200.0, 200.0, 200.0, 200.0, 200.0, 200.0, 200.0, 200.0, 200.0, 200.0, 200.0, 200.0, 200.0, 200.0, 200.0, 200.0, 200.0, 200.0, 200.0, 200.0, 200.0, 200.0, 200.0, 200.0, 200.0, 200.0, 200.0, 88.0, 200.0, 200.0, 86.0, 200.0, 200.0, 200.0, 200.0, 200.0, 200.0, 200.0, 200.0, 200.0, 200.0, 200.0, 200.0, 200.0, 200.0, 200.0, 200.0, 200.0, 200.0, 200.0, 200.0, 200.0, 200.0]}