{"timestamps": [1553228567.3970132, 1553228567.7685268, 1553228567.9331772, 1553228568.1930673, 1553228568.3081682, 1553228570.0756567, 1553228570.298128, 1553228570.4737456, 1553228572.198528, 1553228572.3631744, 1553228576.0567856, 1553228577.796386, 1553228581.449458, 1553228583.2642987, 1553228586.629487, 1553228588.630672, 1553228590.4644248, 1553228594.1518471, 1553228597.525895, 1553228599.4977212, 1553228602.7437818, 1553228604.5789256, 1553228607.9031463, 1553228611.0617414, 1553228612.7545698, 1553228616.6178038, 1553228618.6614296, 1553228622.5330584, 1553228625.736089, 1553228627.4571245, 1553228630.5013347, 1553228632.648605, 1553228636.0749266, 1553228640.5330138, 1553228643.3317173, 1553228649.3101823, 1553228652.1184368, 1553228656.2498374, 1553228660.7980614, 1553228663.3161652, 1553228667.1077967, 1553228670.2199316, 1553228675.4080944, 1553228680.0757606, 1553228683.1580653, 1553228687.766762, 1553228688.099523, 1553228690.794669, 1553228691.3901207, 1553228693.6979947, 1553228693.8059082, 1553228697.0136468, 1553228702.0668726, 1553228704.3854532, 1553228708.5914414, 1553228712.5434554, 1553228714.7432702, 1553228718.6046011, 1553228720.4903738, 1553228723.3988225, 1553228726.8859906, 1553228728.9280727, 1553228732.6591926, 1553228735.0761185, 1553228738.9077573, 1553228742.8939505, 1553228745.3545709, 1553228748.8242059, 1553228750.8700202, 1553228754.339875, 1553228759.89674, 1553228764.2366216, 1553228773.036111, 1553228776.5950365, 1553228783.2941515], "episode_lengths": [27, 44, 15, 29, 10, 33, 38, 35, 96, 37, 176, 170, 200, 200, 190, 140, 179, 200, 200, 200, 200, 200, 200, 200, 200, 200, 200, 200, 200, 200, 200, 200, 200, 200, 200, 200, 200, 200, 200, 200, 200, 200, 200, 200, 200, 200, 79, 11, 107, 12, 20, 200, 200, 200, 200, 200, 200, 200, 200, 200, 200, 200, 200, 200, 200, 200, 200, 200, 200, 200, 200, 200, 200, 200, 200], "episode_types": ["t", "t", "t", "t", "t", "t", "t", "t", "t", "t", "t", "t", "t", "t", "t", "t", "t", "t", "t", "t", "t", "t", "t", "t", "t", "t", "t", "t", "t", "t", "t", "t", "t", "t", "t", "t", "t", "t", "t", "t", "t", "t", "t", "t", "t", "t", "t", "t", "t", "t", "t", "t", "t", "t", "t", "t", "t", "t", "t", "t", "t", "t", "t", "t", "t", "t", "t", "t", "t", "t", "t", "t", "t", "t", "t", "t"], "initial_reset_timestamp": 1553228567.1607726, "episode_rewards": [27.0, 44.0, 15.0, 29.0, 10.0, 33.0, 38.0, 35.0, 96.0, 37.0, 176.0, 170.0, 200.0, 200.0, 190.0, 140.0, 179.0, 200.0, 200.0, 200.0, 200.0, 200.0, 200.0, 200.0, 200.0, 200.0, 200.0, 200.0, 200.0, 200.0, 200.0, 200.0, 200.0, 200.0, 200.0, 200.0, 200.0, 200.0, 200.0, 200.0, 200.0, 200.0, 200.0, 200.0, 200.0, 200.0, 79.0, 11.0, 107.0, 12.0, 20.0, 200.0, 200.0, 200.0, 200.0, 200.0, 200.0, 200.0, 200.0, 200.0, 200.0, 200.0, 200.0, 200.0, 200.0, 200.0, 200.0, 200.0, 200.0, 200.0, 200.0, 200.0, 200.0, 200.0, 200.0]}