{"timestamps": [1553228567.4986575, 1553228567.5645683, 1553228567.752895, 1553228567.9715803, 1553228568.2076724, 1553228569.9509294, 1553228570.1747918, 1553228570.4185882, 1553228572.2193012, 1553228574.3300378, 1553228577.720689, 1553228579.5847194, 1553228581.6564848, 1553228584.9483292, 1553228586.8366945, 1553228590.1862476, 1553228592.2276168, 1553228595.6395388, 1553228597.6916766, 1553228601.1070588, 1553228602.8924234, 1553228606.0081778, 1553228609.3671107, 1553228611.228691, 1553228614.6162007, 1553228616.7903335, 1553228620.3196645, 1553228623.7781856, 1553228625.9247813, 1553228628.9739082, 1553228630.6735263, 1553228634.5429153, 1553228637.914454, 1553228640.7449715, 1553228646.2368805, 1553228649.6215413, 1553228653.7731812, 1553228658.3058975, 1553228661.0558522, 1553228665.1176221, 1553228667.2941365, 1553228672.616732, 1553228677.7180233, 1553228680.3007786, 1553228685.1986158, 1553228687.8578339, 1553228690.9946907, 1553228694.1834867, 1553228699.5709624, 1553228704.0537133, 1553228706.5811095, 1553228710.579529, 1553228712.8244057, 1553228716.8818183, 1553228720.1874008, 1553228722.1106725, 1553228725.1356049, 1553228727.175427, 1553228730.5934103, 1553228734.7910595, 1553228736.9079401, 1553228740.7823052, 1553228743.2088177, 1553228747.1947849, 1553228750.5717936, 1553228752.5299022, 1553228756.894399, 1553228760.3357377, 1553228769.068618, 1553228776.1371107, 1553228779.7841156], "episode_lengths": [35, 9, 25, 20, 26, 19, 40, 44, 112, 156, 200, 99, 200, 200, 181, 156, 161, 200, 200, 200, 200, 200, 200, 200, 200, 200, 200, 200, 200, 200, 200, 200, 200, 200, 200, 200, 200, 200, 200, 200, 200, 200, 200, 195, 200, 164, 107, 200, 200, 200, 200, 200, 200, 200, 200, 200, 200, 200, 200, 200, 200, 200, 200, 200, 200, 200, 200, 200, 200, 200, 200], "episode_types": ["t", "t", "t", "t", "t", "t", "t", "t", "t", "t", "t", "t", "t", "t", "t", "t", "t", "t", "t", "t", "t", "t", "t", "t", "t", "t", "t", "t", "t", "t", "t", "t", "t", "t", "t", "t", "t", "t", "t", "t", "t", "t", "t", "t", "t", "t", "t", "t", "t", "t", "t", "t", "t", "t", "t", "t", "t", "t", "t", "t", "t", "t", "t", "t", "t", "t", "t", "t", "t", "t", "t", "t"], "initial_reset_timestamp": 1553228567.18874, "episode_rewards": [35.0, 9.0, 25.0, 20.0, 26.0, 19.0, 40.0, 44.0, 112.0, 156.0, 200.0, 99.0, 200.0, 200.0, 181.0, 156.0, 161.0, 200.0, 200.0, 200.0, 200.0, 200.0, 200.0, 200.0, 200.0, 200.0, 200.0, 200.0, 200.0, 200.0, 200.0, 200.0, 200.0, 200.0, 200.0, 200.0, 200.0, 200.0, 200.0, 200.0, 200.0, 200.0, 200.0, 195.0, 200.0, 164.0, 107.0, 200.0, 200.0, 200.0, 200.0, 200.0, 200.0, 200.0, 200.0, 200.0, 200.0, 200.0, 200.0, 200.0, 200.0, 200.0, 200.0, 200.0, 200.0, 200.0, 200.0, 200.0, 200.0, 200.0, 200.0]}