{"timestamps": [1553228567.3243506, 1553228567.5461228, 1553228567.6611953, 1553228567.8486419, 1553228568.0526633, 1553228568.1532624, 1553228570.0451481, 1553228570.5276995, 1553228572.058989, 1553228572.2200286, 1553228573.9879186, 1553228576.163836, 1553228579.5509026, 1553228581.6193857, 1553228584.897528, 1553228588.442609, 1553228590.136269, 1553228592.1959598, 1553228595.6039557, 1553228597.6624851, 1553228601.0782466, 1553228602.8602173, 1553228605.976903, 1553228609.3344004, 1553228611.195843, 1553228614.588055, 1553228616.755841, 1553228620.28721, 1553228623.742772, 1553228625.8901534, 1553228628.9422705, 1553228630.641143, 1553228634.5067482, 1553228637.8751264, 1553228640.7074077, 1553228646.1683452, 1553228649.5739346, 1553228653.7357316, 1553228658.2631364, 1553228661.0078402, 1553228665.029569, 1553228667.208077, 1553228672.4601736, 1553228675.5434055, 1553228680.2078335, 1553228685.0895915, 1553228687.925351, 1553228693.842812, 1553228697.0627513, 1553228702.0925617, 1553228706.314233, 1553228708.6150286, 1553228712.5682025, 1553228714.7717302, 1553228718.6252139, 1553228721.8355627, 1553228723.420533, 1553228726.9106758, 1553228728.9493601, 1553228732.6816893, 1553228736.6029701, 1553228738.9321327, 1553228742.919011, 1553228745.380193, 1553228748.854971, 1553228752.2589447, 1553228754.3797543, 1553228759.9401019, 1553228764.288417, 1553228773.0717556, 1553228779.3253734, 1553228783.3319132], "episode_lengths": [18, 25, 13, 21, 20, 15, 41, 89, 48, 40, 47, 200, 200, 200, 200, 200, 136, 165, 200, 200, 200, 200, 200, 200, 200, 200, 200, 200, 200, 200, 200, 200, 200, 200, 200, 200, 200, 200, 200, 200, 176, 200, 200, 200, 200, 200, 200, 200, 200, 200, 200, 200, 200, 200, 200, 200, 200, 200, 200, 200, 200, 200, 200, 200, 200, 200, 200, 200, 200, 200, 200, 200], "episode_types": ["t", "t", "t", "t", "t", "t", "t", "t", "t", "t", "t", "t", "t", "t", "t", "t", "t", "t", "t", "t", "t", "t", "t", "t", "t", "t", "t", "t", "t", "t", "t", "t", "t", "t", "t", "t", "t", "t", "t", "t", "t", "t", "t", "t", "t", "t", "t", "t", "t", "t", "t", "t", "t", "t", "t", "t", "t", "t", "t", "t", "t", "t", "t", "t", "t", "t", "t", "t", "t", "t", "t", "t", "t"], "initial_reset_timestamp": 1553228567.177006, "episode_rewards": [18.0, 25.0, 13.0, 21.0, 20.0, 15.0, 41.0, 89.0, 48.0, 40.0, 47.0, 200.0, 200.0, 200.0, 200.0, 200.0, 136.0, 165.0, 200.0, 200.0, 200.0, 200.0, 200.0, 200.0, 200.0, 200.0, 200.0, 200.0, 200.0, 200.0, 200.0, 200.0, 200.0, 200.0, 200.0, 200.0, 200.0, 200.0, 200.0, 200.0, 176.0, 200.0, 200.0, 200.0, 200.0, 200.0, 200.0, 200.0, 200.0, 200.0, 200.0, 200.0, 200.0, 200.0, 200.0, 200.0, 200.0, 200.0, 200.0, 200.0, 200.0, 200.0, 200.0, 200.0, 200.0, 200.0, 200.0, 200.0, 200.0, 200.0, 200.0, 200.0]}