{"timestamps": [1553228567.3045468, 1553228567.5110292, 1553228567.6473863, 1553228567.876719, 1553228568.0931492, 1553228568.2244515, 1553228569.9004114, 1553228570.1436732, 1553228570.3176749, 1553228572.0008442, 1553228572.1522832, 1553228574.114226, 1553228576.1211123, 1553228579.465094, 1553228581.3688087, 1553228583.0742412, 1553228584.9277205, 1553228586.7938542, 1553228590.2990956, 1553228594.005622, 1553228595.874159, 1553228599.3504186, 1553228601.3460543, 1553228604.426998, 1553228607.7391841, 1553228609.6012287, 1553228612.5855865, 1553228614.8399184, 1553228618.4839926, 1553228622.3745983, 1553228624.0199764, 1553228627.303777, 1553228629.2677922, 1553228632.488304, 1553228635.866506, 1553228638.1760006, 1553228642.8450544, 1553228646.7093127, 1553228651.9133372, 1553228656.0372097, 1553228658.607439, 1553228663.137216, 1553228665.3919888, 1553228669.8496382, 1553228675.1696417, 1553228677.99294, 1553228682.9689617, 1553228685.1316762, 1553228687.9522734, 1553228690.9818032, 1553228691.4467998, 1553228696.8957508, 1553228701.9737432, 1553228704.2939265, 1553228708.4907093, 1553228710.7935686, 1553228714.6620347, 1553228718.5176353, 1553228720.4026635, 1553228723.3133488, 1553228725.3607092, 1553228728.8402116, 1553228732.560454, 1553228734.994894, 1553228738.8196843, 1553228740.9948108, 1553228745.2721386, 1553228748.736517, 1553228750.7827058, 1553228754.207979, 1553228757.2197926, 1553228764.033245, 1553228772.8938513, 1553228776.4600184, 1553228783.1743717], "episode_lengths": [15, 21, 18, 25, 25, 12, 11, 41, 29, 87, 29, 111, 141, 187, 130, 149, 152, 176, 200, 200, 200, 200, 200, 200, 200, 200, 200, 200, 200, 200, 200, 200, 200, 200, 200, 200, 200, 200, 200, 200, 200, 200, 200, 200, 200, 200, 200, 102, 200, 87, 75, 200, 200, 200, 200, 200, 200, 200, 200, 200, 200, 200, 200, 200, 200, 200, 200, 200, 200, 200, 200, 200, 200, 200, 200], "episode_types": ["t", "t", "t", "t", "t", "t", "t", "t", "t", "t", "t", "t", "t", "t", "t", "t", "t", "t", "t", "t", "t", "t", "t", "t", "t", "t", "t", "t", "t", "t", "t", "t", "t", "t", "t", "t", "t", "t", "t", "t", "t", "t", "t", "t", "t", "t", "t", "t", "t", "t", "t", "t", "t", "t", "t", "t", "t", "t", "t", "t", "t", "t", "t", "t", "t", "t", "t", "t", "t", "t", "t", "t", "t", "t", "t", "t"], "initial_reset_timestamp": 1553228567.130193, "episode_rewards": [15.0, 21.0, 18.0, 25.0, 25.0, 12.0, 11.0, 41.0, 29.0, 87.0, 29.0, 111.0, 141.0, 187.0, 130.0, 149.0, 152.0, 176.0, 200.0, 200.0, 200.0, 200.0, 200.0, 200.0, 200.0, 200.0, 200.0, 200.0, 200.0, 200.0, 200.0, 200.0, 200.0, 200.0, 200.0, 200.0, 200.0, 200.0, 200.0, 200.0, 200.0, 200.0, 200.0, 200.0, 200.0, 200.0, 200.0, 102.0, 200.0, 87.0, 75.0, 200.0, 200.0, 200.0, 200.0, 200.0, 200.0, 200.0, 200.0, 200.0, 200.0, 200.0, 200.0, 200.0, 200.0, 200.0, 200.0, 200.0, 200.0, 200.0, 200.0, 200.0, 200.0, 200.0, 200.0]}