{"timestamps": [1553228567.4813428, 1553228567.69513, 1553228567.8487077, 1553228568.1190856, 1553228568.295424, 1553228570.057769, 1553228570.1913755, 1553228570.3654716, 1553228570.489647, 1553228572.040673, 1553228574.3506525, 1553228576.272968, 1553228579.6601653, 1553228582.9975133, 1553228584.872401, 1553228586.8097122, 1553228590.2052195, 1553228592.3614976, 1553228595.7621236, 1553228597.8127804, 1553228601.2244291, 1553228604.3188088, 1553228606.130517, 1553228609.490395, 1553228611.3643603, 1553228614.7342002, 1553228618.3682663, 1553228620.4519484, 1553228623.9069066, 1553228626.0793085, 1553228629.1562822, 1553228632.3755522, 1553228634.667214, 1553228638.0602584, 1553228640.9170654, 1553228646.4947486, 1553228651.752567, 1553228653.9576728, 1553228658.4618077, 1553228661.2406867, 1553228665.2769709, 1553228669.679773, 1553228672.837426, 1553228677.8560102, 1553228680.4796028, 1553228685.41183, 1553228690.7758133, 1553228691.3375678, 1553228694.033094, 1553228699.4099643, 1553228702.269279, 1553228706.4792101, 1553228710.4874809, 1553228712.7296062, 1553228716.779041, 1553228718.7850385, 1553228721.9990492, 1553228725.0280776, 1553228727.0740242, 1553228730.4748135, 1553228732.85165, 1553228736.7774055, 1553228740.6710153, 1553228743.0957062, 1553228747.07653, 1553228749.0318694, 1553228752.417024, 1553228756.7501235, 1553228760.166664, 1553228768.8206005, 1553228773.3361826, 1553228779.5724034], "episode_lengths": [34, 26, 17, 28, 18, 32, 21, 32, 25, 55, 200, 126, 200, 200, 154, 193, 164, 200, 200, 200, 200, 200, 200, 200, 200, 200, 200, 200, 200, 200, 200, 200, 200, 200, 200, 200, 200, 200, 200, 200, 200, 200, 200, 200, 200, 200, 181, 98, 99, 200, 200, 200, 200, 200, 200, 200, 200, 200, 200, 200, 200, 200, 200, 200, 200, 200, 200, 200, 200, 200, 200, 200], "episode_types": ["t", "t", "t", "t", "t", "t", "t", "t", "t", "t", "t", "t", "t", "t", "t", "t", "t", "t", "t", "t", "t", "t", "t", "t", "t", "t", "t", "t", "t", "t", "t", "t", "t", "t", "t", "t", "t", "t", "t", "t", "t", "t", "t", "t", "t", "t", "t", "t", "t", "t", "t", "t", "t", "t", "t", "t", "t", "t", "t", "t", "t", "t", "t", "t", "t", "t", "t", "t", "t", "t", "t", "t", "t"], "initial_reset_timestamp": 1553228567.1898768, "episode_rewards": [34.0, 26.0, 17.0, 28.0, 18.0, 32.0, 21.0, 32.0, 25.0, 55.0, 200.0, 126.0, 200.0, 200.0, 154.0, 193.0, 164.0, 200.0, 200.0, 200.0, 200.0, 200.0, 200.0, 200.0, 200.0, 200.0, 200.0, 200.0, 200.0, 200.0, 200.0, 200.0, 200.0, 200.0, 200.0, 200.0, 200.0, 200.0, 200.0, 200.0, 200.0, 200.0, 200.0, 200.0, 200.0, 200.0, 181.0, 98.0, 99.0, 200.0, 200.0, 200.0, 200.0, 200.0, 200.0, 200.0, 200.0, 200.0, 200.0, 200.0, 200.0, 200.0, 200.0, 200.0, 200.0, 200.0, 200.0, 200.0, 200.0, 200.0, 200.0, 200.0]}