{"timestamps": [1553228567.3463035, 1553228567.7347114, 1553228567.8889184, 1553228568.0113032, 1553228568.1433372, 1553228570.103775, 1553228570.3837087, 1553228571.9252312, 1553228574.158748, 1553228576.0024781, 1553228577.781396, 1553228581.3824391, 1553228583.2069871, 1553228585.111094, 1553228588.4726543, 1553228590.2613149, 1553228592.4227583, 1553228595.8231301, 1553228599.3074121, 1553228601.2906196, 1553228604.3786204, 1553228606.1969607, 1553228609.552221, 1553228612.538447, 1553228614.7957482, 1553228618.4373317, 1553228620.5117133, 1553228623.9685204, 1553228627.2547133, 1553228629.2160969, 1553228632.4332156, 1553228634.7274082, 1553228638.1259117, 1553228642.770754, 1553228646.62612, 1553228651.8184474, 1553228654.047126, 1553228658.5338504, 1553228663.0723393, 1553228665.3384206, 1553228669.7785976, 1553228672.9758885, 1553228677.9300077, 1553228682.8844829, 1553228685.498699, 1553228690.872698, 1553228691.4223301, 1553228694.0513575, 1553228696.730741, 1553228699.7246652, 1553228704.1546743, 1553228708.347535, 1553228710.6628141, 1553228714.530297, 1553228716.9790864, 1553228720.2740037, 1553228723.1840906, 1553228725.2254496, 1553228728.7189128, 1553228730.6651628, 1553228734.8611574, 1553228738.6770732, 1553228740.8597057, 1553228745.1424003, 1553228747.2775114, 1553228750.6520097, 1553228754.0567515, 1553228756.9970174, 1553228763.5961366, 1553228769.211782, 1553228776.25, 1553228782.9426682], "episode_lengths": [19, 46, 15, 12, 20, 48, 52, 44, 178, 94, 180, 175, 200, 164, 138, 160, 200, 200, 200, 200, 200, 200, 200, 200, 200, 200, 200, 200, 200, 200, 200, 200, 200, 200, 200, 200, 200, 200, 200, 200, 200, 200, 200, 200, 200, 174, 101, 85, 77, 200, 200, 200, 200, 200, 200, 200, 200, 200, 200, 200, 200, 200, 200, 200, 200, 200, 200, 200, 200, 200, 200, 200], "episode_types": ["t", "t", "t", "t", "t", "t", "t", "t", "t", "t", "t", "t", "t", "t", "t", "t", "t", "t", "t", "t", "t", "t", "t", "t", "t", "t", "t", "t", "t", "t", "t", "t", "t", "t", "t", "t", "t", "t", "t", "t", "t", "t", "t", "t", "t", "t", "t", "t", "t", "t", "t", "t", "t", "t", "t", "t", "t", "t", "t", "t", "t", "t", "t", "t", "t", "t", "t", "t", "t", "t", "t", "t", "t"], "initial_reset_timestamp": 1553228567.150411, "episode_rewards": [19.0, 46.0, 15.0, 12.0, 20.0, 48.0, 52.0, 44.0, 178.0, 94.0, 180.0, 175.0, 200.0, 164.0, 138.0, 160.0, 200.0, 200.0, 200.0, 200.0, 200.0, 200.0, 200.0, 200.0, 200.0, 200.0, 200.0, 200.0, 200.0, 200.0, 200.0, 200.0, 200.0, 200.0, 200.0, 200.0, 200.0, 200.0, 200.0, 200.0, 200.0, 200.0, 200.0, 200.0, 200.0, 174.0, 101.0, 85.0, 77.0, 200.0, 200.0, 200.0, 200.0, 200.0, 200.0, 200.0, 200.0, 200.0, 200.0, 200.0, 200.0, 200.0, 200.0, 200.0, 200.0, 200.0, 200.0, 200.0, 200.0, 200.0, 200.0, 200.0]}