{"timestamps": [1553228567.5461228, 1553228567.6781278, 1553228567.778916, 1553228567.8888717, 1553228567.985649, 1553228568.1048174, 1553228568.254589, 1553228570.218645, 1553228570.4300961, 1553228571.953548, 1553228572.1231601, 1553228572.2961955, 1553228574.3071127, 1553228577.5645955, 1553228579.7060175, 1553228583.052948, 1553228585.0656729, 1553228588.5167587, 1553228590.3590486, 1553228594.0531123, 1553228595.9314427, 1553228599.4010706, 1553228602.6482613, 1553228604.476065, 1553228607.803168, 1553228609.653759, 1553228612.6555555, 1553228616.5058463, 1553228618.5511017, 1553228622.426744, 1553228624.07144, 1553228627.3557818, 1553228630.393602, 1553228632.5384698, 1553228635.9197018, 1553228638.2299917, 1553228643.009934, 1553228649.1351542, 1553228651.9761622, 1553228656.111499, 1553228658.677833, 1553228663.1925254, 1553228666.9894085, 1553228669.9493237, 1553228675.2525127, 1553228678.047428, 1553228683.0333993, 1553228687.6321692, 1553228691.1363852, 1553228691.2387757, 1553228696.7698333, 1553228699.7859483, 1553228704.1879292, 1553228708.3919804, 1553228710.6967177, 1553228714.5653763, 1553228717.0182898, 1553228720.307791, 1553228723.218259, 1553228725.2657523, 1553228728.7523983, 1553228730.7060382, 1553228734.893993, 1553228738.71096, 1553228740.8910463, 1553228745.1725807, 1553228747.3170757, 1553228750.6835833, 1553228754.0934741, 1553228757.052853, 1553228763.7018042, 1553228769.2940443, 1553228776.303975, 1553228783.0079498], "episode_lengths": [43, 16, 12, 9, 10, 15, 15, 63, 35, 47, 40, 42, 133, 147, 200, 200, 200, 173, 181, 200, 200, 200, 200, 200, 200, 200, 200, 200, 200, 200, 200, 200, 200, 200, 200, 200, 200, 200, 200, 200, 200, 200, 200, 200, 200, 200, 200, 200, 200, 12, 200, 200, 200, 200, 200, 200, 200, 200, 200, 200, 200, 200, 200, 200, 200, 200, 200, 200, 200, 200, 200, 200, 200, 200], "episode_types": ["t", "t", "t", "t", "t", "t", "t", "t", "t", "t", "t", "t", "t", "t", "t", "t", "t", "t", "t", "t", "t", "t", "t", "t", "t", "t", "t", "t", "t", "t", "t", "t", "t", "t", "t", "t", "t", "t", "t", "t", "t", "t", "t", "t", "t", "t", "t", "t", "t", "t", "t", "t", "t", "t", "t", "t", "t", "t", "t", "t", "t", "t", "t", "t", "t", "t", "t", "t", "t", "t", "t", "t", "t", "t", "t"], "initial_reset_timestamp": 1553228567.214571, "episode_rewards": [43.0, 16.0, 12.0, 9.0, 10.0, 15.0, 15.0, 63.0, 35.0, 47.0, 40.0, 42.0, 133.0, 147.0, 200.0, 200.0, 200.0, 173.0, 181.0, 200.0, 200.0, 200.0, 200.0, 200.0, 200.0, 200.0, 200.0, 200.0, 200.0, 200.0, 200.0, 200.0, 200.0, 200.0, 200.0, 200.0, 200.0, 200.0, 200.0, 200.0, 200.0, 200.0, 200.0, 200.0, 200.0, 200.0, 200.0, 200.0, 200.0, 12.0, 200.0, 200.0, 200.0, 200.0, 200.0, 200.0, 200.0, 200.0, 200.0, 200.0, 200.0, 200.0, 200.0, 200.0, 200.0, 200.0, 200.0, 200.0, 200.0, 200.0, 200.0, 200.0, 200.0, 200.0]}