{"timestamps": [1553228567.908155, 1553228568.2866282, 1553228570.0074546, 1553228570.1039004, 1553228570.2397027, 1553228571.9007485, 1553228572.0232098, 1553228574.129884, 1553228576.3052914, 1553228579.6854599, 1553228583.0315852, 1553228585.0448985, 1553228586.8506002, 1553228590.1550343, 1553228592.3347013, 1553228595.728539, 1553228597.7825406, 1553228601.2002392, 1553228604.2859967, 1553228606.1039636, 1553228609.463176, 1553228611.3365755, 1553228614.7085123, 1553228618.3416624, 1553228620.4269612, 1553228623.8781574, 1553228626.0519748, 1553228629.1234972, 1553228632.34835, 1553228634.6409163, 1553228638.0237148, 1553228640.877457, 1553228646.4387918, 1553228651.724487, 1553228653.9089296, 1553228658.4254694, 1553228661.2017379, 1553228665.2420704, 1553228669.6269581, 1553228672.7688766, 1553228677.8261209, 1553228680.4471002, 1553228685.3628678, 1553228688.012752, 1553228693.7775638, 1553228696.9902623, 1553228702.046163, 1553228704.367707, 1553228708.5746052, 1553228712.5269933, 1553228714.7272747, 1553228718.584821, 1553228720.4723842, 1553228723.3795028, 1553228726.8702118, 1553228728.9082062, 1553228732.6435077, 1553228735.0583086, 1553228738.8875673, 1553228742.8766153, 1553228745.3348584, 1553228748.805816, 1553228750.8522942, 1553228754.3223777, 1553228759.84641, 1553228764.1938078, 1553228773.0045025, 1553228776.562746, 1553228783.267311], "episode_lengths": [81, 42, 19, 18, 28, 63, 34, 140, 198, 198, 200, 200, 146, 149, 200, 200, 200, 200, 200, 200, 200, 200, 200, 200, 200, 200, 200, 200, 200, 200, 200, 200, 200, 200, 200, 200, 200, 200, 200, 200, 200, 200, 200, 159, 170, 200, 200, 200, 200, 200, 200, 200, 200, 200, 200, 200, 200, 200, 200, 200, 200, 200, 200, 200, 200, 200, 200, 200, 200], "episode_types": ["t", "t", "t", "t", "t", "t", "t", "t", "t", "t", "t", "t", "t", "t", "t", "t", "t", "t", "t", "t", "t", "t", "t", "t", "t", "t", "t", "t", "t", "t", "t", "t", "t", "t", "t", "t", "t", "t", "t", "t", "t", "t", "t", "t", "t", "t", "t", "t", "t", "t", "t", "t", "t", "t", "t", "t", "t", "t", "t", "t", "t", "t", "t", "t", "t", "t", "t", "t", "t", "t"], "initial_reset_timestamp": 1553228567.1500661, "episode_rewards": [81.0, 42.0, 19.0, 18.0, 28.0, 63.0, 34.0, 140.0, 198.0, 198.0, 200.0, 200.0, 146.0, 149.0, 200.0, 200.0, 200.0, 200.0, 200.0, 200.0, 200.0, 200.0, 200.0, 200.0, 200.0, 200.0, 200.0, 200.0, 200.0, 200.0, 200.0, 200.0, 200.0, 200.0, 200.0, 200.0, 200.0, 200.0, 200.0, 200.0, 200.0, 200.0, 200.0, 159.0, 170.0, 200.0, 200.0, 200.0, 200.0, 200.0, 200.0, 200.0, 200.0, 200.0, 200.0, 200.0, 200.0, 200.0, 200.0, 200.0, 200.0, 200.0, 200.0, 200.0, 200.0, 200.0, 200.0, 200.0, 200.0]}