{"timestamps": [1553228567.4296184, 1553228567.602862, 1553228568.0116258, 1553228568.104916, 1553228568.2683916, 1553228569.9240003, 1553228570.1241145, 1553228570.2652795, 1553228570.5277522, 1553228572.0125716, 1553228574.0647445, 1553228576.094556, 1553228579.4833195, 1553228581.4728568, 1553228583.1296408, 1553228586.527558, 1553228588.4903438, 1553228590.164898, 1553228592.2905896, 1553228595.6830635, 1553228597.7347991, 1553228601.1547458, 1553228604.2168672, 1553228606.0547192, 1553228609.4126961, 1553228611.282465, 1553228614.6617625, 1553228618.2830398, 1553228620.3807797, 1553228623.8277025, 1553228625.9983618, 1553228629.04273, 1553228632.28717, 1553228634.5904136, 1553228637.963437, 1553228640.8122616, 1553228646.3503563, 1553228651.6667378, 1553228653.8446174, 1553228658.3645766, 1553228661.1215873, 1553228665.1854386, 1553228669.5536928, 1553228672.6902442, 1553228677.76713, 1553228680.3875003, 1553228685.2944, 1553228690.7541087, 1553228694.0170918, 1553228699.38461, 1553228702.2511668, 1553228706.4662483, 1553228710.4731555, 1553228712.7162268, 1553228716.7645268, 1553228718.7699337, 1553228721.9862218, 1553228725.015223, 1553228727.0601454, 1553228730.450775, 1553228732.8322344, 1553228736.7603486, 1553228740.6554642, 1553228743.0805974, 1553228747.0614762, 1553228749.0179286, 1553228752.4037342, 1553228756.726745, 1553228760.1484246, 1553228768.7851574, 1553228773.3164697, 1553228779.5511317], "episode_lengths": [29, 17, 46, 13, 16, 10, 31, 28, 52, 42, 121, 150, 200, 160, 141, 200, 134, 126, 186, 200, 200, 200, 200, 200, 200, 200, 200, 200, 200, 200, 200, 200, 200, 200, 200, 200, 200, 200, 200, 200, 200, 200, 200, 200, 200, 200, 200, 200, 200, 200, 200, 200, 200, 200, 200, 200, 200, 200, 200, 200, 200, 200, 200, 200, 200, 200, 200, 200, 200, 200, 200, 200], "episode_types": ["t", "t", "t", "t", "t", "t", "t", "t", "t", "t", "t", "t", "t", "t", "t", "t", "t", "t", "t", "t", "t", "t", "t", "t", "t", "t", "t", "t", "t", "t", "t", "t", "t", "t", "t", "t", "t", "t", "t", "t", "t", "t", "t", "t", "t", "t", "t", "t", "t", "t", "t", "t", "t", "t", "t", "t", "t", "t", "t", "t", "t", "t", "t", "t", "t", "t", "t", "t", "t", "t", "t", "t", "t"], "initial_reset_timestamp": 1553228567.1706655, "episode_rewards": [29.0, 17.0, 46.0, 13.0, 16.0, 10.0, 31.0, 28.0, 52.0, 42.0, 121.0, 150.0, 200.0, 160.0, 141.0, 200.0, 134.0, 126.0, 186.0, 200.0, 200.0, 200.0, 200.0, 200.0, 200.0, 200.0, 200.0, 200.0, 200.0, 200.0, 200.0, 200.0, 200.0, 200.0, 200.0, 200.0, 200.0, 200.0, 200.0, 200.0, 200.0, 200.0, 200.0, 200.0, 200.0, 200.0, 200.0, 200.0, 200.0, 200.0, 200.0, 200.0, 200.0, 200.0, 200.0, 200.0, 200.0, 200.0, 200.0, 200.0, 200.0, 200.0, 200.0, 200.0, 200.0, 200.0, 200.0, 200.0, 200.0, 200.0, 200.0, 200.0]}