{"timestamps": [1553228567.4436233, 1553228567.6146872, 1553228567.835535, 1553228567.9857802, 1553228568.2684126, 1553228569.9661007, 1553228570.1913586, 1553228570.5883684, 1553228572.182933, 1553228572.3417645, 1553228576.0218441, 1553228577.6827538, 1553228579.8035905, 1553228583.1727557, 1553228586.565996, 1553228588.5371795, 1553228590.4044957, 1553228594.0963345, 1553228595.9765036, 1553228599.4406042, 1553228602.6882298, 1553228604.5201006, 1553228607.8458471, 1553228609.700516, 1553228612.7014873, 1553228616.5517406, 1553228618.5950406, 1553228622.4710908, 1553228624.1158822, 1553228627.395235, 1553228630.437533, 1553228632.5851662, 1553228635.9959984, 1553228638.2755783, 1553228643.1404579, 1553228649.2043548, 1553228652.0390282, 1553228656.1743658, 1553228658.7400887, 1553228663.236544, 1553228667.038739, 1553228670.1066303, 1553228675.316738, 1553228678.1031613, 1553228683.0830133, 1553228687.6846905, 1553228691.2781181, 1553228693.9111474, 1553228696.6488972, 1553228699.6028342, 1553228704.078614, 1553228706.6183836, 1553228710.6052399, 1553228714.469992, 1553228716.9160647, 1553228720.2115288, 1553228722.158566, 1553228725.1591463, 1553228728.655357, 1553228730.562523, 1553228734.7693355, 1553228736.8787956, 1553228740.758423, 1553228743.1859708, 1553228747.1691628, 1553228750.5491104, 1553228752.5060985, 1553228756.8630474, 1553228760.295076, 1553228769.013729, 1553228776.1005454, 1553228779.745596], "episode_lengths": [31, 16, 29, 14, 31, 16, 39, 74, 75, 33, 175, 138, 200, 200, 200, 133, 194, 200, 200, 200, 200, 200, 200, 200, 200, 200, 200, 200, 200, 200, 200, 200, 200, 200, 200, 200, 200, 200, 200, 200, 200, 200, 200, 200, 200, 200, 200, 77, 81, 200, 200, 200, 200, 200, 200, 200, 200, 200, 200, 187, 200, 200, 200, 200, 200, 200, 200, 200, 200, 200, 200, 200], "episode_types": ["t", "t", "t", "t", "t", "t", "t", "t", "t", "t", "t", "t", "t", "t", "t", "t", "t", "t", "t", "t", "t", "t", "t", "t", "t", "t", "t", "t", "t", "t", "t", "t", "t", "t", "t", "t", "t", "t", "t", "t", "t", "t", "t", "t", "t", "t", "t", "t", "t", "t", "t", "t", "t", "t", "t", "t", "t", "t", "t", "t", "t", "t", "t", "t", "t", "t", "t", "t", "t", "t", "t", "t", "t"], "initial_reset_timestamp": 1553228567.1998386, "episode_rewards": [31.0, 16.0, 29.0, 14.0, 31.0, 16.0, 39.0, 74.0, 75.0, 33.0, 175.0, 138.0, 200.0, 200.0, 200.0, 133.0, 194.0, 200.0, 200.0, 200.0, 200.0, 200.0, 200.0, 200.0, 200.0, 200.0, 200.0, 200.0, 200.0, 200.0, 200.0, 200.0, 200.0, 200.0, 200.0, 200.0, 200.0, 200.0, 200.0, 200.0, 200.0, 200.0, 200.0, 200.0, 200.0, 200.0, 200.0, 77.0, 81.0, 200.0, 200.0, 200.0, 200.0, 200.0, 200.0, 200.0, 200.0, 200.0, 200.0, 187.0, 200.0, 200.0, 200.0, 200.0, 200.0, 200.0, 200.0, 200.0, 200.0, 200.0, 200.0, 200.0]}