{"timestamps": [1553228567.304475, 1553228567.5641508, 1553228567.6779284, 1553228567.864261, 1553228568.033598, 1553228568.1899123, 1553228569.989764, 1553228570.3392632, 1553228570.5278127, 1553228572.040528, 1553228574.3504891, 1553228577.7356522, 1553228579.5353699, 1553228581.5850403, 1553228584.8493927, 1553228586.7259705, 1553228590.2301314, 1553228592.3839543, 1553228595.788922, 1553228599.2741156, 1553228601.2502487, 1553228604.3457346, 1553228606.1611042, 1553228609.5161827, 1553228612.5066955, 1553228614.7648225, 1553228618.397679, 1553228620.479712, 1553228623.9325378, 1553228627.2208488, 1553228629.181833, 1553228632.399547, 1553228634.6953332, 1553228638.0924814, 1553228642.7249775, 1553228646.551096, 1553228651.7843468, 1553228653.9906127, 1553228658.493768, 1553228663.0125556, 1553228665.3024259, 1553228669.7239335, 1553228672.9017804, 1553228677.8952358, 1553228682.8386219, 1553228685.4479094, 1553228690.9302387, 1553228694.1305351, 1553228696.8570423, 1553228701.943448, 1553228704.2613163, 1553228708.4619057, 1553228710.759272, 1553228714.6321614, 1553228718.4914877, 1553228720.3709345, 1553228723.2850082, 1553228725.3306909, 1553228728.813471, 1553228732.5298557, 1553228734.9647663, 1553228738.7805066, 1553228740.9648535, 1553228745.2361112, 1553228748.7083752, 1553228750.751908, 1553228754.169135, 1553228757.1558294, 1553228763.948099, 1553228772.8473547, 1553228776.413109, 1553228783.119622], "episode_lengths": [15, 29, 15, 19, 15, 22, 25, 58, 44, 46, 200, 200, 86, 189, 200, 170, 200, 200, 200, 200, 200, 200, 200, 200, 200, 200, 200, 200, 200, 200, 200, 200, 200, 200, 200, 200, 200, 200, 200, 200, 200, 200, 200, 200, 200, 200, 200, 200, 81, 200, 200, 200, 200, 200, 200, 200, 200, 200, 200, 200, 200, 200, 200, 200, 200, 200, 200, 200, 200, 200, 200, 200], "episode_types": ["t", "t", "t", "t", "t", "t", "t", "t", "t", "t", "t", "t", "t", "t", "t", "t", "t", "t", "t", "t", "t", "t", "t", "t", "t", "t", "t", "t", "t", "t", "t", "t", "t", "t", "t", "t", "t", "t", "t", "t", "t", "t", "t", "t", "t", "t", "t", "t", "t", "t", "t", "t", "t", "t", "t", "t", "t", "t", "t", "t", "t", "t", "t", "t", "t", "t", "t", "t", "t", "t", "t", "t", "t"], "initial_reset_timestamp": 1553228567.1985157, "episode_rewards": [15.0, 29.0, 15.0, 19.0, 15.0, 22.0, 25.0, 58.0, 44.0, 46.0, 200.0, 200.0, 86.0, 189.0, 200.0, 170.0, 200.0, 200.0, 200.0, 200.0, 200.0, 200.0, 200.0, 200.0, 200.0, 200.0, 200.0, 200.0, 200.0, 200.0, 200.0, 200.0, 200.0, 200.0, 200.0, 200.0, 200.0, 200.0, 200.0, 200.0, 200.0, 200.0, 200.0, 200.0, 200.0, 200.0, 200.0, 200.0, 81.0, 200.0, 200.0, 200.0, 200.0, 200.0, 200.0, 200.0, 200.0, 200.0, 200.0, 200.0, 200.0, 200.0, 200.0, 200.0, 200.0, 200.0, 200.0, 200.0, 200.0, 200.0, 200.0, 200.0]}