{"timestamps": [1553228567.3363118, 1553228567.4639516, 1553228567.5641508, 1553228567.7181895, 1553228568.0741477, 1553228568.2394917, 1553228570.4568875, 1553228572.0786533, 1553228572.3176498, 1553228574.179885, 1553228575.9444835, 1553228576.231366, 1553228577.8772874, 1553228581.417802, 1553228583.017145, 1553228585.0325084, 1553228588.575712, 1553228590.3378825, 1553228593.9851294, 1553228595.853862, 1553228599.3317118, 1553228601.3226528, 1553228604.4049838, 1553228607.716952, 1553228609.5808446, 1553228612.5651133, 1553228614.8209116, 1553228618.4622, 1553228622.343294, 1553228623.9976995, 1553228627.2802014, 1553228629.2449913, 1553228632.4629307, 1553228635.8410227, 1553228638.1555195, 1553228642.8184304, 1553228646.6807735, 1553228651.8653934, 1553228655.983669, 1553228658.579626, 1553228663.1110327, 1553228665.3690326, 1553228669.8186178, 1553228675.1408956, 1553228677.962587, 1553228682.925156, 1553228685.5363355, 1553228687.9687905, 1553228691.0600855, 1553228691.114667, 1553228691.203936, 1553228691.3045805, 1553228696.7990928, 1553228699.82679, 1553228704.2202141, 1553228708.4207647, 1553228710.723509, 1553228714.5935783, 1553228717.0448036, 1553228720.3313673, 1553228723.2420304, 1553228725.2878785, 1553228728.7734828, 1553228730.7331502, 1553228734.9213054, 1553228738.7387466, 1553228740.9184487, 1553228745.1997318, 1553228747.345897, 1553228750.708846, 1553228754.1229565, 1553228757.086174, 1553228763.7776635, 1553228769.3506672, 1553228776.3435013, 1553228783.0490308], "episode_lengths": [19, 14, 11, 18, 38, 19, 109, 67, 57, 87, 64, 99, 137, 158, 122, 200, 194, 162, 179, 200, 200, 200, 200, 200, 200, 200, 200, 200, 200, 200, 200, 200, 200, 200, 200, 200, 200, 200, 200, 200, 200, 200, 200, 200, 200, 200, 200, 108, 105, 12, 11, 10, 200, 200, 200, 200, 200, 200, 200, 200, 200, 200, 200, 200, 200, 200, 200, 200, 200, 200, 200, 200, 200, 200, 200, 200], "episode_types": ["t", "t", "t", "t", "t", "t", "t", "t", "t", "t", "t", "t", "t", "t", "t", "t", "t", "t", "t", "t", "t", "t", "t", "t", "t", "t", "t", "t", "t", "t", "t", "t", "t", "t", "t", "t", "t", "t", "t", "t", "t", "t", "t", "t", "t", "t", "t", "t", "t", "t", "t", "t", "t", "t", "t", "t", "t", "t", "t", "t", "t", "t", "t", "t", "t", "t", "t", "t", "t", "t", "t", "t", "t", "t", "t", "t", "t"], "initial_reset_timestamp": 1553228567.1302142, "episode_rewards": [19.0, 14.0, 11.0, 18.0, 38.0, 19.0, 109.0, 67.0, 57.0, 87.0, 64.0, 99.0, 137.0, 158.0, 122.0, 200.0, 194.0, 162.0, 179.0, 200.0, 200.0, 200.0, 200.0, 200.0, 200.0, 200.0, 200.0, 200.0, 200.0, 200.0, 200.0, 200.0, 200.0, 200.0, 200.0, 200.0, 200.0, 200.0, 200.0, 200.0, 200.0, 200.0, 200.0, 200.0, 200.0, 200.0, 200.0, 108.0, 105.0, 12.0, 11.0, 10.0, 200.0, 200.0, 200.0, 200.0, 200.0, 200.0, 200.0, 200.0, 200.0, 200.0, 200.0, 200.0, 200.0, 200.0, 200.0, 200.0, 200.0, 200.0, 200.0, 200.0, 200.0, 200.0, 200.0, 200.0]}