{"timestamps": [1553228567.397044, 1553228567.5904386, 1553228567.95312, 1553228569.9000938, 1553228570.15621, 1553228570.489395, 1553228572.0943332, 1553228572.383114, 1553228574.209004, 1553228577.608509, 1553228579.746072, 1553228581.533159, 1553228584.8032546, 1553228586.6592233, 1553228590.1183538, 1553228592.3166478, 1553228595.7096863, 1553228597.7621763, 1553228601.1812227, 1553228604.251272, 1553228606.082657, 1553228609.4420092, 1553228611.3101203, 1553228614.689001, 1553228618.3192866, 1553228620.4062295, 1553228623.856558, 1553228626.0274055, 1553228629.0860076, 1553228632.3261447, 1553228634.617909, 1553228637.9974506, 1553228640.8443582, 1553228646.3906288, 1553228651.7007143, 1553228653.8786361, 1553228658.4014673, 1553228661.169606, 1553228665.216267, 1553228669.59186, 1553228672.7384834, 1553228677.8042357, 1553228680.425121, 1553228685.3345702, 1553228687.7844155, 1553228690.8259003, 1553228691.178984, 1553228693.96601, 1553228699.30794, 1553228702.1973178, 1553228706.4144838, 1553228708.7276888, 1553228712.6648424, 1553228716.7221525, 1553228718.7244325, 1553228721.9397073, 1553228723.5144877, 1553228727.0127246, 1553228730.3951719, 1553228732.777212, 1553228736.711399, 1553228739.0347688, 1553228743.0357106, 1553228747.0116217, 1553228748.960423, 1553228752.3557155, 1553228754.520961, 1553228760.0751052, 1553228768.666965, 1553228773.221088, 1553228779.4740555, 1553228783.4649324], "episode_lengths": [27, 18, 43, 39, 42, 64, 64, 71, 76, 200, 200, 102, 200, 165, 200, 200, 200, 200, 200, 200, 200, 200, 200, 200, 200, 200, 200, 200, 200, 200, 200, 200, 200, 200, 200, 200, 200, 200, 200, 200, 200, 200, 200, 200, 109, 96, 71, 98, 200, 200, 200, 200, 200, 200, 200, 200, 200, 200, 200, 200, 200, 200, 200, 200, 200, 200, 200, 200, 200, 200, 200, 200], "episode_types": ["t", "t", "t", "t", "t", "t", "t", "t", "t", "t", "t", "t", "t", "t", "t", "t", "t", "t", "t", "t", "t", "t", "t", "t", "t", "t", "t", "t", "t", "t", "t", "t", "t", "t", "t", "t", "t", "t", "t", "t", "t", "t", "t", "t", "t", "t", "t", "t", "t", "t", "t", "t", "t", "t", "t", "t", "t", "t", "t", "t", "t", "t", "t", "t", "t", "t", "t", "t", "t", "t", "t", "t", "t"], "initial_reset_timestamp": 1553228567.130123, "episode_rewards": [27.0, 18.0, 43.0, 39.0, 42.0, 64.0, 64.0, 71.0, 76.0, 200.0, 200.0, 102.0, 200.0, 165.0, 200.0, 200.0, 200.0, 200.0, 200.0, 200.0, 200.0, 200.0, 200.0, 200.0, 200.0, 200.0, 200.0, 200.0, 200.0, 200.0, 200.0, 200.0, 200.0, 200.0, 200.0, 200.0, 200.0, 200.0, 200.0, 200.0, 200.0, 200.0, 200.0, 200.0, 109.0, 96.0, 71.0, 98.0, 200.0, 200.0, 200.0, 200.0, 200.0, 200.0, 200.0, 200.0, 200.0, 200.0, 200.0, 200.0, 200.0, 200.0, 200.0, 200.0, 200.0, 200.0, 200.0, 200.0, 200.0, 200.0, 200.0, 200.0]}