{"timestamps": [1553228567.3656259, 1553228567.5248191, 1553228567.8207245, 1553228568.0526066, 1553228568.1757162, 1553228569.936929, 1553228570.0901594, 1553228570.3185275, 1553228570.4003763, 1553228570.5604591, 1553228572.2368777, 1553228574.2314227, 1553228577.627851, 1553228579.5640726, 1553228579.8214417, 1553228581.6381464, 1553228584.9152246, 1553228586.7576802, 1553228588.6924262, 1553228592.1347458, 1553228594.2301328, 1553228597.600968, 1553228599.561993, 1553228602.8042748, 1553228605.9098175, 1553228607.9758487, 1553228611.1321363, 1553228612.8248308, 1553228616.6863093, 1553228620.22588, 1553228622.6152284, 1553228625.823751, 1553228627.5417087, 1553228630.5687373, 1553228634.4452138, 1553228636.1562796, 1553228640.6225402, 1553228643.5401816, 1553228649.4597192, 1553228653.656996, 1553228656.3402584, 1553228660.8938644, 1553228663.3890746, 1553228667.1867528, 1553228672.4350796, 1553228675.5122778, 1553228680.1751897, 1553228683.2404394, 1553228687.8965147, 1553228691.462823, 1553228696.9108045, 1553228701.9886248, 1553228704.3101037, 1553228708.5038908, 1553228710.805635, 1553228714.6768913, 1553228718.5309868, 1553228720.4162517, 1553228723.3272967, 1553228725.382347, 1553228728.8531756, 1553228732.573854, 1553228735.0092502, 1553228738.833784, 1553228741.0094664, 1553228745.285916, 1553228748.7503974, 1553228750.7983406, 1553228754.225963, 1553228757.2375216, 1553228764.064503, 1553228772.9194434, 1553228776.4891984, 1553228783.1960614], "episode_lengths": [24, 14, 37, 22, 18, 17, 27, 38, 18, 32, 84, 117, 200, 130, 96, 107, 200, 163, 125, 181, 200, 200, 200, 200, 200, 200, 200, 200, 200, 200, 200, 200, 200, 200, 200, 200, 200, 200, 200, 200, 200, 200, 200, 200, 200, 200, 200, 200, 200, 174, 200, 200, 200, 200, 200, 200, 200, 200, 200, 200, 200, 200, 200, 200, 200, 200, 200, 200, 200, 200, 200, 200, 200, 200], "episode_types": ["t", "t", "t", "t", "t", "t", "t", "t", "t", "t", "t", "t", "t", "t", "t", "t", "t", "t", "t", "t", "t", "t", "t", "t", "t", "t", "t", "t", "t", "t", "t", "t", "t", "t", "t", "t", "t", "t", "t", "t", "t", "t", "t", "t", "t", "t", "t", "t", "t", "t", "t", "t", "t", "t", "t", "t", "t", "t", "t", "t", "t", "t", "t", "t", "t", "t", "t", "t", "t", "t", "t", "t", "t", "t", "t"], "initial_reset_timestamp": 1553228567.1752968, "episode_rewards": [24.0, 14.0, 37.0, 22.0, 18.0, 17.0, 27.0, 38.0, 18.0, 32.0, 84.0, 117.0, 200.0, 130.0, 96.0, 107.0, 200.0, 163.0, 125.0, 181.0, 200.0, 200.0, 200.0, 200.0, 200.0, 200.0, 200.0, 200.0, 200.0, 200.0, 200.0, 200.0, 200.0, 200.0, 200.0, 200.0, 200.0, 200.0, 200.0, 200.0, 200.0, 200.0, 200.0, 200.0, 200.0, 200.0, 200.0, 200.0, 200.0, 174.0, 200.0, 200.0, 200.0, 200.0, 200.0, 200.0, 200.0, 200.0, 200.0, 200.0, 200.0, 200.0, 200.0, 200.0, 200.0, 200.0, 200.0, 200.0, 200.0, 200.0, 200.0, 200.0, 200.0, 200.0]}