{"timestamps": [1553228567.381698, 1553228567.8000433, 1553228568.010892, 1553228568.1756258, 1553228569.9658747, 1553228570.286796, 1553228570.5747004, 1553228572.2548654, 1553228576.0358107, 1553228577.8387835, 1553228579.6441295, 1553228582.9813802, 1553228585.0118904, 1553228588.5615516, 1553228590.4395225, 1553228594.1293762, 1553228597.4969237, 1553228599.4756823, 1553228602.7189848, 1553228604.5545118, 1553228607.8790905, 1553228611.0383599, 1553228612.7319477, 1553228616.5862584, 1553228618.6382422, 1553228622.5070186, 1553228625.7122066, 1553228627.432533, 1553228630.4718728, 1553228632.6220295, 1553228636.0475335, 1553228640.4969625, 1553228643.2778635, 1553228649.2644756, 1553228652.0845923, 1553228656.218888, 1553228660.7680628, 1553228663.2892404, 1553228667.08158, 1553228670.1696496, 1553228675.3742783, 1553228680.0443938, 1553228683.12853, 1553228687.737725, 1553228690.85006, 1553228693.9299142, 1553228699.2518308, 1553228702.1645458, 1553228706.3819401, 1553228708.6988864, 1553228712.6377563, 1553228716.6805215, 1553228718.688483, 1553228721.9018812, 1553228723.4866571, 1553228726.9811964, 1553228730.3550773, 1553228732.7489033, 1553228736.678156, 1553228739.0034108, 1553228743.0025268, 1553228746.973497, 1553228748.9309418, 1553228752.3251538, 1553228754.4831462, 1553228760.036276, 1553228768.599087, 1553228773.171638, 1553228779.4308827, 1553228783.4173963], "episode_lengths": [26, 47, 19, 23, 22, 59, 53, 85, 200, 194, 84, 200, 200, 200, 200, 200, 200, 200, 200, 200, 200, 200, 200, 200, 200, 200, 200, 200, 200, 200, 200, 200, 200, 200, 200, 200, 200, 200, 200, 200, 200, 200, 200, 200, 106, 158, 200, 200, 200, 200, 200, 200, 200, 200, 200, 200, 200, 200, 200, 200, 200, 200, 200, 200, 200, 200, 200, 200, 200, 200], "episode_types": ["t", "t", "t", "t", "t", "t", "t", "t", "t", "t", "t", "t", "t", "t", "t", "t", "t", "t", "t", "t", "t", "t", "t", "t", "t", "t", "t", "t", "t", "t", "t", "t", "t", "t", "t", "t", "t", "t", "t", "t", "t", "t", "t", "t", "t", "t", "t", "t", "t", "t", "t", "t", "t", "t", "t", "t", "t", "t", "t", "t", "t", "t", "t", "t", "t", "t", "t", "t", "t", "t", "t"], "initial_reset_timestamp": 1553228567.1304395, "episode_rewards": [26.0, 47.0, 19.0, 23.0, 22.0, 59.0, 53.0, 85.0, 200.0, 194.0, 84.0, 200.0, 200.0, 200.0, 200.0, 200.0, 200.0, 200.0, 200.0, 200.0, 200.0, 200.0, 200.0, 200.0, 200.0, 200.0, 200.0, 200.0, 200.0, 200.0, 200.0, 200.0, 200.0, 200.0, 200.0, 200.0, 200.0, 200.0, 200.0, 200.0, 200.0, 200.0, 200.0, 200.0, 106.0, 158.0, 200.0, 200.0, 200.0, 200.0, 200.0, 200.0, 200.0, 200.0, 200.0, 200.0, 200.0, 200.0, 200.0, 200.0, 200.0, 200.0, 200.0, 200.0, 200.0, 200.0, 200.0, 200.0, 200.0, 200.0]}