{"Iteration": 0, "Steps": 999, "Epsilon": 0.905095, "Episodes": 58, "AverageReturn": 0.0, "AverageDiscountedReturn": 0.0, "TDError^2": NaN}
{"Iteration": 1, "Steps": 1999, "Epsilon": 0.810095, "Episodes": 114, "AverageReturn": 0.4, "AverageDiscountedReturn": 0.33672433735428103, "TDError^2": 0.010157248005270958}
{"Iteration": 2, "Steps": 2999, "Epsilon": 0.715095, "Episodes": 190, "AverageReturn": 0.2, "AverageDiscountedReturn": 0.18553721249088043, "TDError^2": 0.01692037098109722}
{"Iteration": 3, "Steps": 3999, "Epsilon": 0.6200950000000001, "Episodes": 270, "AverageReturn": 0.5, "AverageDiscountedReturn": 0.4385640105391704, "TDError^2": 0.018451886251568794}
